id,base_imponible,cantidad,codigo,comment,created_at,currency_code,detalle,name,numero_linea,paid_amount,precio_unitario,price_with_tax,price_without_tax,receiver_status,sender_status,tax,unidad_medida,updated_at,version,impuesto_codigo_id,impuesto_tarifa_id
1,0.0,1,8222100000000,,2024-07-17 05:02:50.369,CRC,Product Description,John,1,0.0,4000.0,4000.0,4000.0,PENDING_APPROVAL,APPROVED,0.0,Alc,,0,3,3
52,10.0,2,3562101000302,,2024-08-02 21:33:55.456,CRC,Dexametasona como preparado estomatológico,Tomato,1,200.0,100.0,200.4,200.0,PENDING_APPROVAL,APPROVED,0.4,Cm,2024-08-21 11:13:58.169,3,1,3
53,0.01,1,8222100000000,comment,2024-08-03 09:02:03.019,USD,Test,test,1,0.01,0.01,0.01,0.01,PENDING_APPROVAL,APPROVED,0.0,Sp,2024-08-21 11:25:33.192,1,1,8
102,0.0,1,3331100029900,,2024-08-06 13:56:46.850,CRC,ash,213,1,0.0,20.0,20.0,20.0,PENDING_APPROVAL,APPROVED,0.0,I,,0,3,8
103,0.0,3,422201010000,,2024-08-06 13:58:50.279,USD,asd,as,1,0.0,31.0,93.0,93.0,PENDING_APPROVAL,APPROVED,0.0,Alc,2024-09-04 10:46:38.011,27,6,6
104,0.0,1,3331100029900,cc,2024-08-06 14:00:14.749,CRC,ash,213,1,0.0,20.0,20.0,20.0,PENDING_APPROVAL,APPROVED,0.0,I,,0,3,8
105,0.0,1,422201010000,,2024-08-06 14:00:30.977,USD,Dattale,206,1,0.0,2.0,2.0,2.0,PENDING_APPROVAL,APPROVED,0.0,Alc,,0,1,1
106,0.0,1,3563502020175,,2024-08-06 14:00:30.982,USD,ar,215,2,0.0,9.0,9.0,9.0,PENDING_APPROVAL,APPROVED,0.0,A/m²,,0,1,8
252,0.0,1,422201010000,,2024-08-12 07:45:49.929,USD,asd,as,1,31.0,31.0,31.0,31.0,PENDING_APPROVAL,APPROVED,0.0,Alc,2024-08-21 11:43:06.498,2,6,6
253,0.0,1,422201010000,,2024-08-12 07:45:49.943,USD,asd,as,2,31.0,31.0,31.0,31.0,PENDING_APPROVAL,APPROVED,0.0,Alc,2024-08-21 11:43:18.032,2,6,6
254,0.0,1,422201010000,,2024-08-12 09:39:48.686,USD,asd,as,1,0.0,31.0,31.0,31.0,PENDING_APPROVAL,PENDING_APPROVAL,0.0,Alc,,0,6,6
255,0.0,1,422201010000,,2024-08-12 09:39:48.687,USD,asd,as,2,0.0,31.0,31.0,31.0,PENDING_APPROVAL,PENDING_APPROVAL,0.0,Alc,,0,6,6
256,0.0,1,422201010000,,2024-08-12 09:50:43.913,USD,asd,as,1,0.0,31.0,31.0,31.0,PENDING_APPROVAL,PENDING_APPROVAL,0.0,Alc,,0,6,6
257,0.0,1,422201010000,,2024-08-12 09:50:43.914,USD,asd,as,2,0.0,31.0,31.0,31.0,PENDING_APPROVAL,PENDING_APPROVAL,0.0,Alc,,0,6,6
258,0.0,1,422201010000,,2024-08-12 10:10:24.769,USD,asd,as,1,0.0,31.0,31.0,31.0,PENDING_APPROVAL,PENDING_APPROVAL,0.0,Alc,,0,6,6
259,0.0,1,422201010000,,2024-08-12 10:10:24.771,USD,asd,as,2,0.0,31.0,31.0,31.0,PENDING_APPROVAL,PENDING_APPROVAL,0.0,Alc,,0,6,6
260,0.0,1,422201010000,,2024-08-12 11:18:43.088,USD,asd,as,1,31.0,31.0,31.0,31.0,PENDING_APPROVAL,APPROVED,0.0,Alc,2024-08-21 11:45:20.523,2,6,6
261,0.0,1,422201010000,,2024-08-12 11:18:43.089,USD,asd,as,2,31.0,31.0,31.0,31.0,PENDING_APPROVAL,APPROVED,0.0,Alc,2024-08-21 11:45:49.764,2,6,6
302,3.0,1,111100000100,,2024-08-14 03:10:44.944,USD,Description,Gizaw Dagne,1,0.0,3.0,3.24,3.0,PENDING_APPROVAL,APPROVED,0.24,1/m,,0,1,7
352,0.0,1,422201010000,,2024-08-16 07:10:15.615,USD,asd,as,1,0.0,31.0,31.0,31.0,PENDING_APPROVAL,PENDING_APPROVAL,0.0,Alc,,0,6,6
353,0.0,1,422201010000,,2024-08-16 07:10:15.630,USD,asd,as,2,0.0,31.0,31.0,31.0,PENDING_APPROVAL,PENDING_APPROVAL,0.0,Alc,,0,6,6
402,0.0,1,422201010000,,2024-08-19 04:41:01.132,USD,asd,as,1,0.0,31.0,31.0,31.0,PENDING_APPROVAL,PENDING_APPROVAL,0.0,Alc,,0,6,6
403,0.0,1,422201010000,,2024-08-19 04:41:01.150,USD,asd,as,2,0.0,31.0,31.0,31.0,PENDING_APPROVAL,PENDING_APPROVAL,0.0,Alc,,0,6,6
452,0.0,1,422201010000,,2024-08-19 08:20:48.586,USD,asd,as,1,0.0,31.0,31.0,31.0,PENDING_APPROVAL,PENDING_APPROVAL,0.0,Alc,,0,6,6
453,0.0,1,422201010000,,2024-08-19 08:20:48.608,USD,asd,as,2,0.0,31.0,31.0,31.0,PENDING_APPROVAL,PENDING_APPROVAL,0.0,Alc,,0,6,6
454,12.0,1,111100000100,,2024-08-19 08:39:45.788,USD,Eiusmod eu quae quos,Genevieve Howard,1,0.0,12.0,12.12,12.0,PENDING_APPROVAL,PENDING_APPROVAL,0.12,A/m,,0,1,2
455,12.0,1,111100000100,,2024-08-19 08:39:47.318,USD,Eiusmod eu quae quos,Genevieve Howard,1,0.0,12.0,12.12,12.0,PENDING_APPROVAL,PENDING_APPROVAL,0.12,A/m,,0,1,2
456,12.0,1,111100000100,,2024-08-19 08:51:39.131,USD,Eiusmod eu quae quos,Genevieve Howard,1,0.0,12.0,12.12,12.0,PENDING_APPROVAL,PENDING_APPROVAL,0.12,A/m,,0,1,2
502,0.0,2,3562101000302,,2024-08-21 07:48:08.180,CRC,Dexametasona como preparado estomatológico,Tomato,2,200.0,100.0,200.0,200.0,PENDING_APPROVAL,APPROVED,0.0,Cm,2024-08-21 11:14:16.355,3,1,3
505,0.0,5,111100009900,,2024-08-21 08:14:38.442,CRC,para siembra (semillas),Trigo,1,15.0,3.0,15.0,15.0,PENDING_APPROVAL,APPROVED,0.0,A/m²,2024-09-05 06:58:15.547,12,3,6
506,0.0,1,3563502020175,,2024-08-21 08:15:27.400,USD,ar,ar,2,9.0,9.0,9.0,9.0,PENDING_APPROVAL,APPROVED,0.0,A/m²,2024-08-21 11:42:01.885,1,1,8
509,0.0,1,3562101000302,,2024-08-21 11:15:27.129,CRC,Dexametasona como preparado estomatológico,Tomato,1,100.0,100.0,100.0,100.0,PENDING_APPROVAL,APPROVED,0.0,Cm,2024-08-21 11:16:38.743,5,1,3
511,0.0,1,3562101000302,,2024-08-21 11:30:26.182,CRC,Dexametasona como preparado estomatológico,Tomato,1,100.0,100.0,100.0,100.0,PENDING_APPROVAL,APPROVED,0.0,Cm,2024-08-21 11:30:32.061,1,1,3
512,0.0,1,3562101000302,,2024-08-21 11:32:33.433,CRC,Dexametasona como preparado estomatológico,Tomato,2,100.0,100.0,100.0,100.0,PENDING_APPROVAL,APPROVED,0.0,Cm,2024-08-21 11:32:44.999,1,1,3
552,0.0,1,422201010000,,2024-08-22 13:13:57.327,USD,asd,as,1,10.0,31.0,31.0,31.0,PENDING_APPROVAL,APPROVED,0.0,Alc,2024-11-13 12:07:34.666,2,6,6
553,0.0,4,422201010000,,2024-08-22 13:13:57.348,USD,asd,as,2,20.0,31.0,124.0,124.0,PENDING_APPROVAL,APPROVED,0.0,Alc,2024-11-13 12:09:38.262,16,6,6
554,0.0,1,422201010000,,2024-08-22 13:14:14.626,USD,asd,as,1,0.0,31.0,31.0,31.0,PENDING_APPROVAL,PENDING_APPROVAL,0.0,Alc,,0,6,6
555,0.0,1,422201010000,,2024-08-22 13:14:14.627,USD,asd,as,2,0.0,31.0,31.0,31.0,PENDING_APPROVAL,PENDING_APPROVAL,0.0,Alc,,0,6,6
557,0.0,1,111100009900,,2024-08-22 13:18:29.677,CRC,para siembra (semillas),Trigo,1,0.0,3.0,3.0,3.0,PENDING_APPROVAL,APPROVED,0.0,A/m²,,0,3,6
558,0.0,1,3331100029900,,2024-08-23 05:36:42.373,CRC,ash,ashir,2,0.0,20.0,20.0,20.0,PENDING_APPROVAL,APPROVED,0.0,I,,0,3,8
602,10.0,1,8222100000000,,2024-08-23 09:41:04.884,CRC,,Product 1,1,0.0,100.0,101.3,100.0,PENDING_APPROVAL,PENDING_APPROVAL,1.3,Spe,,0,1,8
603,0.0,1,422201010000,,2024-08-26 06:33:57.280,USD,asd,as,3,31.0,31.0,31.0,31.0,PENDING_APPROVAL,APPROVED,0.0,Alc,2024-08-26 11:00:33.501,1,6,6
604,0.0,1,111100009900,,2024-08-26 07:25:25.046,CRC,para siembra (semillas),Trigo,4,3.0,3.0,3.0,3.0,PENDING_APPROVAL,APPROVED,0.0,A/m²,2024-08-26 11:00:09.486,1,3,6
605,0.0,1,133000000200,test,2024-08-26 11:30:45.914,CRC,fresca o refrigerada,Uva negra,1,2.0,2.0,2.0,2.0,PENDING_APPROVAL,APPROVED,0.0,h,2024-08-26 12:33:32.997,3,6,2
652,0.0,1,8222100000000,,2024-08-28 07:29:54.072,CRC,,Product 1,2,0.0,100.0,100.0,100.0,PENDING_APPROVAL,APPROVED,0.0,Spe,,0,1,8
702,100.0,1,8222100000000,,2024-08-30 12:35:52.118,CRC,,Product 1,1,0.0,100.0,113.0,100.0,PENDING_APPROVAL,APPROVED,13.0,Spe,,0,1,8
752,0.0,1,677689832,,2024-08-31 19:58:25.967,CRC,travdel compnay,hjdfs,1,0.0,4.0,4.0,4.0,PENDING_APPROVAL,PENDING_APPROVAL,0.0,Al,,0,5,5
753,10.0,24,9310210100111,,2024-09-02 09:11:17.268,CRC,Desbridamiento del fémur,Battery,1,102.0,10.0,249.6,240.0,PENDING_APPROVAL,APPROVED,9.6,Cm,2024-12-04 08:20:45.826,338,3,6
952,100.0,1,3562101000302,,2024-09-12 09:57:44.610,CRC,Dexametasona como preparado estomatológico,Tomato,1,0.0,100.0,102.0,100.0,PENDING_APPROVAL,APPROVED,2.0,Cm,,0,1,3
953,100.0,1,3562101000302,,2024-09-12 10:02:57.789,CRC,Dexametasona como preparado estomatológico,Tomato,1,0.0,100.0,102.0,100.0,PENDING_APPROVAL,APPROVED,2.0,Cm,,0,1,3
954,100.0,1,3562101000302,,2024-09-12 11:10:43.511,CRC,Dexametasona como preparado estomatológico,Tomato,1,0.0,100.0,102.0,100.0,PENDING_APPROVAL,APPROVED,2.0,Cm,,0,1,3
1006,9.99,1,2118402000111,,2024-09-15 05:34:38.076,USD,"Paté, con predominio de carne de cerdo (de 51% a menos de 100%)",TEST,1,0.0,9.99,10.09,9.99,PENDING_APPROVAL,APPROVED,0.1,1/m,,0,1,2
1015,210.0,1,9310201100111,,2024-09-15 09:02:57.598,CRC,Psicoterapia para el dolor,Product,1,0.0,210.0,218.4,210.0,PENDING_APPROVAL,APPROVED,8.4,Sp,,0,2,6
1052,43.0,1,3331100990000,,2024-09-16 10:52:26.271,CRC,"Gasolina para motores, n.c.p.",hassan,1,0.0,43.0,48.59,43.0,PENDING_APPROVAL,APPROVED,5.59,h,,0,6,8
1053,210.0,1,9310201100111,,2024-09-17 07:49:35.300,CRC,Psicoterapia para el dolor,Product,1,0.0,210.0,218.4,210.0,PENDING_APPROVAL,APPROVED,8.4,Sp,,0,2,6
1054,210.0,1,9310201100111,,2024-09-17 09:16:45.063,CRC,Psicoterapia para el dolor,Product,1,0.0,210.0,218.4,210.0,PENDING_APPROVAL,APPROVED,8.4,Sp,,0,2,6
1102,2.0,1,2118402000111,,2024-09-20 11:06:18.991,CRC,"Paté, con predominio de carne de cerdo (de 51% a menos de 100%)",Water,1,0.0,2.0,2.02,2.0,PENDING_APPROVAL,APPROVED,0.02,h,,0,1,2
1105,0.0,1,677689832,,2024-09-22 14:52:49.072,CRC,travdel compnay,hjdfs,1,0.0,4.0,4.0,4.0,PENDING_APPROVAL,PENDING_APPROVAL,0.0,Al,,0,5,5
1106,23.0,1,3562108000111,,2024-09-22 15:00:19.553,CRC,Lorcaserin,adelm,1,0.0,23.0,23.46,23.0,PENDING_APPROVAL,APPROVED,0.46,Cm,,0,7,3
1454,100.0,1,3562101000302,asd,2024-09-30 14:05:29.746,CRC,Dexametasona como preparado estomatológico,Tomato,1,0.0,100.0,102.0,100.0,PENDING_APPROVAL,APPROVED,2.0,Cm,,0,1,3
1502,1.0,1,3562108000111,,2024-10-03 10:50:49.299,CRC,Lorcaserin,TEST,1,0.0,1.0,1.02,1.0,PENDING_APPROVAL,APPROVED,0.02,Al,,0,3,3
1503,100.0,1,3562101000302,,2024-10-03 10:52:24.478,CRC,Dexametasona como preparado estomatológico,Tomato,1,0.0,100.0,102.0,100.0,PENDING_APPROVAL,APPROVED,2.0,Cm,,0,1,3
1504,10.0,1,3562108000111,,2024-10-03 12:00:27.352,CRC,Lorcaserin,Test one,1,0.0,10.0,10.2,10.0,PENDING_APPROVAL,APPROVED,0.2,Cm,,0,3,3
1602,100.0,1,8222100000000,comment,2024-10-04 10:28:43.232,CRC,,Product 1,1,0.0,100.0,113.0,100.0,PENDING_APPROVAL,APPROVED,13.0,Spe,,0,1,8
1752,69.0,1,3563901000111,,2024-10-11 09:11:56.799,CRC,"Extracto de alérgeno, animales", product,3,0.0,69.0,70.38,69.0,PENDING_APPROVAL,APPROVED,1.38,Al,,0,6,3
1753,990.0,1,3562201000111,,2024-10-11 09:12:02.602,CRC,Tioclomarol,product,4,0.0,990.0,1009.8,990.0,PENDING_APPROVAL,APPROVED,19.8,h,,0,1,3
1754,69.0,1,3563901000111,,2024-10-11 09:12:04.336,CRC,"Extracto de alérgeno, animales", product,5,0.0,69.0,70.38,69.0,PENDING_APPROVAL,APPROVED,1.38,Al,,0,6,3
1755,990.0,1,3562201000111,,2024-10-11 09:12:07.265,CRC,Tioclomarol,product,6,0.0,990.0,1009.8,990.0,PENDING_APPROVAL,APPROVED,19.8,h,,0,1,3
1756,0.0,1,3562201000111,,2024-10-11 09:13:12.620,CRC,Tioclomarol,Ashir Zuhaib ,1,0.0,-2.0,-2.04,-2.0,PENDING_APPROVAL,PENDING_APPROVAL,-0.04,Alc,,0,2,3
1852,1111.0,1,111100000100,,2024-10-18 08:49:52.171,CRC,1,1,1,0.0,1111.0,1133.22,1111.0,PENDING_APPROVAL,APPROVED,22.22,1/m,,0,1,3
1853,111.0,1,2118402000111,,2024-10-18 08:49:52.197,CRC,"Paté, con predominio de carne de cerdo (de 51% a menos de 100%)",test product,2,0.0,111.0,112.11,111.0,PENDING_APPROVAL,APPROVED,1.11,1/m,,0,1,2
1854,69.0,1,3563901000111,,2024-10-18 09:16:30.324,CRC,"Extracto de alérgeno, animales", product,1,0.0,69.0,70.38,69.0,PENDING_APPROVAL,APPROVED,1.38,Al,,0,6,3
2003,10.0,1,3562108000111,,2024-10-28 18:39:22.560,USD,Lorcaserin,Lorcaserin,1,2.0,5202.9,5306.96,5202.9,PENDING_APPROVAL,APPROVED,104.06,1/m,2024-10-30 06:56:38.272,1,7,3
2052,31.0,1,422201010000,,2024-10-29 15:31:43.280,USD,asd,as,5,0.0,31.0,32.24,31.0,PENDING_APPROVAL,APPROVED,1.24,Alc,,0,6,6
2102,10.0,3,3562108000111,,2024-10-30 06:20:45.007,USD,Lorcaserin,Lorcaserin,1,6.0,5202.9,15609.3,15608.7,APPROVED,APPROVED,0.6,1/m,2024-10-30 06:33:40.068,4,7,3
2104,0.0,1,3562201000111,,2024-10-30 11:40:07.064,CRC,Tioclomarol,Ashir Zuhaib ,1,0.0,-2.0,-2.04,-2.0,PENDING_APPROVAL,PENDING_APPROVAL,-0.04,Alc,,0,2,3
2152,101.0,1,3562201000111,,2024-10-31 14:20:41.843,CRC,Tioclomarol,productt,7,0.0,101.0,103.02,101.0,PENDING_APPROVAL,APPROVED,2.02,h,,0,7,3
2153,690.0,1,3563901000111,,2024-10-31 14:20:44.297,CRC,"Extracto de alérgeno, animales", product,8,0.0,690.0,703.8,690.0,PENDING_APPROVAL,APPROVED,13.8,Al,,0,7,3
2154,720.0,1,3562201000111,,2024-10-31 14:20:48.547,CRC,Tioclomarol,product 2,9,0.0,720.0,734.4,720.0,PENDING_APPROVAL,APPROVED,14.4,Al,,0,1,3
2155,101.0,1,3562201000111,,2024-10-31 14:20:50.186,CRC,Tioclomarol,productt,10,0.0,101.0,103.02,101.0,PENDING_APPROVAL,APPROVED,2.02,h,,0,7,3
2156,101.0,1,3562201000111,,2024-10-31 15:02:31.637,CRC,Tioclomarol,productt,2,0.0,101.0,103.02,101.0,PENDING_APPROVAL,APPROVED,2.02,h,,0,7,3
2157,690.0,1,3563901000111,,2024-11-01 10:35:30.902,CRC,"Extracto de alérgeno, animales", product,3,0.0,690.0,703.8,690.0,PENDING_APPROVAL,APPROVED,13.8,Al,,0,7,3
2202,10.0,1,3562108000111,,2024-11-06 16:19:49.996,USD,Lorcaserin,Lorcaserin,1,0.0,5202.9,5306.96,5202.9,PENDING_APPROVAL,PENDING_APPROVAL,104.06,1/m,,0,7,3
2203,10.0,1,3562108000111,,2024-11-06 16:19:57.988,USD,Lorcaserin,Lorcaserin,1,0.0,5202.9,5306.96,5202.9,PENDING_APPROVAL,PENDING_APPROVAL,104.06,1/m,,0,7,3
2204,10.0,1,3562108000111,,2024-11-06 16:20:02.996,USD,Lorcaserin,Lorcaserin,1,0.0,5202.9,5306.96,5202.9,PENDING_APPROVAL,PENDING_APPROVAL,104.06,1/m,,0,7,3
2205,10.0,1,3562108000111,,2024-11-06 17:27:10.855,USD,Lorcaserin,Lorcaserin,1,0.0,5202.9,5306.96,5202.9,PENDING_APPROVAL,PENDING_APPROVAL,104.06,1/m,,0,7,3
2206,10.0,1,3562108000111,,2024-11-06 19:25:55.049,USD,Lorcaserin,Lorcaserin,1,0.0,5202.9,5306.96,5202.9,PENDING_APPROVAL,PENDING_APPROVAL,104.06,1/m,,0,7,3
2207,10.0,1,3562108000111,,2024-11-06 19:26:19.597,USD,Lorcaserin,Lorcaserin,1,0.0,5202.9,5306.96,5202.9,PENDING_APPROVAL,PENDING_APPROVAL,104.06,1/m,,0,7,3
2254,2899.01,1,3562108000111,,2024-11-13 08:23:50.522,USD,Lorcaserin,pro1,1,0.0,2899.01,2956.99,2899.01,PENDING_APPROVAL,APPROVED,57.98,A,,0,2,3
2255,2899.01,1,3562108000111,,2024-11-13 09:15:12.671,USD,Lorcaserin,pro1,1,0.0,2899.01,2956.99,2899.01,PENDING_APPROVAL,APPROVED,57.98,A,,0,2,3
2256,2.0,1,9310206100111,,2024-11-13 09:15:12.675,USD,"Bypass, arteria de extremidad superior",pro2,2,0.0,2.0,2.08,2.0,PENDING_APPROVAL,APPROVED,0.08,A,2024-12-02 08:17:54.611,2,2,6
2257,0.0,1,422201010000,,2024-11-13 10:35:17.224,USD,asd,as,1,0.0,31.0,31.0,31.0,PENDING_APPROVAL,PENDING_APPROVAL,0.0,Alc,,0,6,6
2258,0.0,1,422201010000,,2024-11-13 10:35:57.521,USD,asd,as,1,1.0,31.0,31.0,31.0,PENDING_APPROVAL,APPROVED,0.0,Alc,2024-11-19 14:20:09.664,2,6,6
2259,0.0,1,422201010000,,2024-11-13 10:39:15.022,USD,asd,as,1,0.0,31.0,31.0,31.0,PENDING_APPROVAL,PENDING_APPROVAL,0.0,Alc,,0,6,6
2260,0.0,1,422201010000,,2024-11-13 10:40:02.301,USD,asd,as,1,0.0,31.0,31.0,31.0,PENDING_APPROVAL,PENDING_APPROVAL,0.0,Alc,,0,6,6
2261,0.0,1,422201010000,,2024-11-13 10:42:26.914,USD,asd,as,1,0.0,31.0,31.0,31.0,PENDING_APPROVAL,PENDING_APPROVAL,0.0,Alc,,0,6,6
2262,0.0,1,422201010000,,2024-11-13 10:43:31.168,USD,asd,as,1,0.0,31.0,31.0,31.0,PENDING_APPROVAL,PENDING_APPROVAL,0.0,Alc,,0,6,6
2263,0.0,1,422201010000,,2024-11-13 10:45:47.851,USD,asd,as,1,0.0,31.0,31.0,31.0,PENDING_APPROVAL,PENDING_APPROVAL,0.0,Alc,,0,6,6
2264,999997.0,2,3562201000111,,2024-11-13 10:50:15.251,CRC,Tioclomarol,Product AAAH,1,0.0,999997.0,2039993.88,1999994.0,PENDING_APPROVAL,APPROVED,39999.88,Al,2024-12-17 10:03:25.993,5,7,3
2265,10.0,1,3562101000302,,2024-11-13 10:55:32.259,CRC,Dexametasona como preparado estomatológico,Tomato,1,0.0,100.0,102.0,100.0,PENDING_APPROVAL,PENDING_APPROVAL,2.0,Cm,,0,1,3
2266,10.0,1,3562101000302,,2024-11-13 10:57:54.131,CRC,Dexametasona como preparado estomatológico,Tomato,1,0.0,100.0,102.0,100.0,PENDING_APPROVAL,APPROVED,2.0,Cm,2024-11-29 07:19:36.854,1,1,3
2267,10.0,1,3562101000302,,2024-11-13 11:11:12.715,CRC,Dexametasona como preparado estomatológico,Tomato,1,0.0,100.0,102.0,100.0,PENDING_APPROVAL,PENDING_APPROVAL,2.0,Cm,,0,1,3
2268,0.0,1,422201010000,,2024-11-13 11:12:55.763,USD,asd,as,1,3.0,31.0,31.0,31.0,PENDING_APPROVAL,APPROVED,0.0,Alc,2024-12-17 10:01:03.050,1,6,6
2269,2.0,1,121201020400,,2024-11-13 12:06:23.135,USD,Dattale,asrt,3,1.0,2.0,2.0,2.0,PENDING_APPROVAL,APPROVED,0.0,Alc,2024-11-13 12:08:31.513,1,1,1
2270,31.0,1,422201010000,,2024-11-13 12:09:42.199,USD,asd,as,4,0.0,31.0,32.24,31.0,PENDING_APPROVAL,APPROVED,1.24,Alc,,0,6,6
2271,2.0,1,121201020400,,2024-11-13 12:09:46.353,USD,Dattale,asrt,5,0.0,2.0,2.0,2.0,PENDING_APPROVAL,APPROVED,0.0,Alc,,0,1,1
2272,3.0,1,111100009900,,2024-11-13 12:09:49.084,CRC,para siembra (semillas),Trigo,6,0.0,3.0,3.12,3.0,PENDING_APPROVAL,APPROVED,0.12,A/m²,,0,3,6
2273,999997.0,1,3562201000111,,2024-11-13 12:29:11.213,CRC,Tioclomarol,Product AAAH,1,0.0,999997.0,1019996.94,999997.0,PENDING_APPROVAL,PENDING_APPROVAL,19999.94,Al,,0,7,3
2274,999997.0,2,3562201000111,,2024-11-13 12:30:51.909,CRC,Tioclomarol,Product AAAH,1,0.0,999997.0,2039993.88,1999994.0,PENDING_APPROVAL,APPROVED,39999.88,Al,2024-11-29 07:49:28.612,1,7,3
2275,999997.0,1,3562201000111,,2024-11-13 12:31:00.592,CRC,Tioclomarol,Product AAAH,1,0.0,999997.0,1019996.94,999997.0,PENDING_APPROVAL,PENDING_APPROVAL,19999.94,Al,,0,7,3
2276,31.0,1,422201010000,,2024-11-13 12:36:28.475,USD,asd,as,2,0.0,31.0,32.24,31.0,APPROVED,PENDING_APPROVAL,1.24,Alc,,0,6,6
2305,0.0,1,422201010000,,2024-11-13 14:09:11.357,USD,asd,as,1,0.0,31.0,31.0,31.0,PENDING_APPROVAL,PENDING_APPROVAL,0.0,Alc,,0,6,6
2403,10.0,1,3562101000302,,2024-11-15 09:47:14.708,CRC,Dexametasona como preparado estomatológico,Tomato,1,0.0,100.0,102.0,100.0,PENDING_APPROVAL,PENDING_APPROVAL,2.0,Cm,,0,1,3
2404,10.0,1,3562101000302,,2024-11-15 09:47:25.551,CRC,Dexametasona como preparado estomatológico,Tomato,1,0.0,100.0,102.0,100.0,PENDING_APPROVAL,PENDING_APPROVAL,2.0,Cm,,0,1,3
2405,2.0,1,133000000200,,2024-11-15 10:16:03.000,CRC,fresca o refrigerada,Uva negra,2,1.0,2.0,2.02,2.0,PENDING_APPROVAL,APPROVED,0.02,h,2024-11-15 10:17:41.454,1,6,2
2406,10023.0,1,3562409000111,,2024-11-15 10:16:06.195,CRC,Benzalconio como apósito medicinal,Alphacom Product,3,1.0,10023.0,10223.46,10023.0,PENDING_APPROVAL,APPROVED,200.46,St,2024-11-15 10:17:46.862,1,7,3
2407,2.0,1,133000000200,,2024-11-15 10:26:46.270,CRC,fresca o refrigerada,Uva negra,4,0.0,2.0,2.02,2.0,PENDING_APPROVAL,APPROVED,0.02,h,,0,6,2
2408,2.0,1,133000000200,,2024-11-15 10:33:39.353,CRC,fresca o refrigerada,Uva negra,5,0.0,2.0,2.02,2.0,PENDING_APPROVAL,APPROVED,0.02,h,,0,6,2
2409,10023.0,1,3562409000111,,2024-11-15 10:33:40.410,CRC,Benzalconio como apósito medicinal,Alphacom Product,6,0.0,10023.0,10223.46,10023.0,PENDING_APPROVAL,APPROVED,200.46,St,,0,7,3
2410,1.0,1,111200000200,,2024-11-15 10:33:57.166,USD,2,Product_2,7,0.0,1.0,1.04,1.0,PENDING_APPROVAL,APPROVED,0.04,Al,,0,2,4
2452,10.0,1,3562101000302,,2024-11-18 11:28:57.525,CRC,Dexametasona como preparado estomatológico,Tomato,1,0.0,100.0,102.0,100.0,PENDING_APPROVAL,PENDING_APPROVAL,2.0,Cm,,0,1,3
2453,2.0,1,121201020400,,2024-11-18 11:39:40.316,USD,Dattale,asrt,1,0.0,2.0,2.0,2.0,PENDING_APPROVAL,APPROVED,0.0,Alc,2024-11-18 17:51:22.144,7,1,1
2454,9.0,1,3563502020175,,2024-11-18 11:39:46.543,USD,ar,ar,2,0.0,9.0,10.17,9.0,PENDING_APPROVAL,APPROVED,1.17,A/m²,2024-11-18 17:51:22.144,7,1,8
2455,33.0,1,123300000000,,2024-11-18 11:39:52.180,CRC,"Berenjenas, frescas o refrigeradas",asdasd,3,0.0,33.0,37.29,33.0,PENDING_APPROVAL,APPROVED,4.29,Alc,2024-11-18 17:51:22.144,7,7,8
2456,2.0,1,121201020400,,2024-11-18 11:39:59.801,USD,Dattale,asrt,4,0.0,2.0,2.0,2.0,PENDING_APPROVAL,APPROVED,0.0,Alc,2024-11-18 17:51:22.144,7,1,1
2457,31.0,1,422201010000,,2024-11-18 11:40:04.081,USD,asd,as,5,10.0,31.0,32.24,31.0,PENDING_APPROVAL,APPROVED,1.24,Alc,2024-11-18 17:52:32.954,8,6,6
2502,0.0,1,121201020400,,2024-11-18 16:13:44.815,USD,Dattale,asrt,1,0.0,1050.0,1050.0,1050.0,PENDING_APPROVAL,PENDING_APPROVAL,0.0,Alc,,0,1,1
2552,10.0,1,3562101000302,,2024-11-18 17:13:16.615,CRC,Dexametasona como preparado estomatológico,Tomato,1,0.0,100.0,102.0,100.0,PENDING_APPROVAL,PENDING_APPROVAL,2.0,Cm,,0,1,3
2553,999997.0,1,3562201000111,,2024-11-18 19:12:14.931,CRC,Tioclomarol,Product AAAH,1,0.0,999997.0,1019996.94,999997.0,PENDING_APPROVAL,PENDING_APPROVAL,19999.94,Al,,0,7,3
2554,999997.0,1,3562201000111,,2024-11-18 19:12:31.055,CRC,Tioclomarol,Product AAAH,1,0.0,999997.0,1019996.94,999997.0,PENDING_APPROVAL,PENDING_APPROVAL,19999.94,Al,,0,7,3
2555,0.0,1,121201020400,,2024-11-18 19:12:32.040,USD,Dattale,asrt,1,0.0,1050.0,1050.0,1050.0,PENDING_APPROVAL,PENDING_APPROVAL,0.0,Alc,,0,1,1
2556,10.0,1,3562101000302,,2024-11-18 19:12:33.042,CRC,Dexametasona como preparado estomatológico,Tomato,1,0.0,100.0,102.0,100.0,PENDING_APPROVAL,PENDING_APPROVAL,2.0,Cm,,0,1,3
2557,10.0,1,3562101000302,,2024-11-19 11:58:18.271,CRC,Dexametasona como preparado estomatológico,Tomato,1,0.0,100.0,102.0,100.0,PENDING_APPROVAL,PENDING_APPROVAL,2.0,Cm,,0,1,3
2602,10.0,1,3562108000111,,2024-11-20 00:52:42.037,USD,Lorcaserin,Lorcaserin,1,0.0,5202.9,5306.96,5202.9,PENDING_APPROVAL,PENDING_APPROVAL,104.06,1/m,,0,7,3
2652,0.2,900,4641004000000,,2024-11-27 14:12:15.790,CRC,BateriasTest,BateriasTest,1,0.0,0.2,203.4,180.0,PENDING_APPROVAL,APPROVED,23.4,1/m,2024-12-05 03:59:09.243,7,1,8
2702,323.0,1,3563402000111,,2024-11-29 07:36:13.053,CRC,Bendazac para uso músculo esquelético,Test,1,0.0,323.0,329.46,323.0,PENDING_APPROVAL,PENDING_APPROVAL,6.46,Alc,,0,7,3
2703,22.0,1,3562409000111,,2024-11-29 07:36:13.064,USD,Benzalconio como apósito medicinal,Product,2,0.0,11175.12,11398.62,11175.12,PENDING_APPROVAL,PENDING_APPROVAL,223.5,Alc,,0,7,3
2704,10.0,1,3562101000302,,2024-11-29 07:53:20.207,CRC,Dexametasona como preparado estomatológico,Tomato,1,0.0,100.0,102.0,100.0,PENDING_APPROVAL,PENDING_APPROVAL,2.0,Cm,,0,1,3
2705,1000.0,1,3563101020103,,2024-11-29 10:35:03.376,USD,qqqw,qqqw,1,0.0,1000.0,1020.0,1000.0,PENDING_APPROVAL,APPROVED,20.0,Alc,,0,7,3
2706,22.0,1,2118402000111,,2024-11-29 10:56:03.571,CRC,"Paté, con predominio de carne de cerdo (de 51% a menos de 100%)",Test,3,0.0,22.0,22.22,22.0,APPROVED,PENDING_APPROVAL,0.22,1/m,,0,7,2
2715,100.0,1,2118402000111,,2024-12-02 05:10:58.843,USD,Product,Product,1,0.0,100.0,101.0,100.0,PENDING_APPROVAL,APPROVED,1.0,h,,0,1,2
2755,510.0,2,135910000000,,2024-12-02 07:31:55.763,CRC,"Chira de banano, fresca o refrigerada",Test Banano,1,0.0,510.0,1152.6,1020.0,PENDING_APPROVAL,PENDING_APPROVAL,132.6,kg,,0,1,8
2802,20.0,1,111100009900,,2024-12-02 22:53:50.365,CRC,Product,Product,1,0.0,20.0,20.2,20.0,PENDING_APPROVAL,APPROVED,0.2,Alc,,0,7,2
2803,675.0,72,8113600000000,,2024-12-03 05:19:55.869,CRC,Servicios de desarrollo experimental en ciencias agrícolas,Desarrollo,2,2660.0,675.0,54918.0,48600.0,PENDING_APPROVAL,APPROVED,6318.0,Al,2024-12-03 12:12:06.431,40,1,8
2804,20.0,1,111100009900,,2024-12-03 05:38:10.316,CRC,Product,Product,1,0.0,20.0,20.2,20.0,PENDING_APPROVAL,APPROVED,0.2,Alc,,0,7,2
2807,2000.0,1,3562409000111,,2024-12-03 10:26:22.608,CRC,Benzalconio como apósito medicinal,Product CRC,1,0.0,2000.0,2040.0,2000.0,PENDING_APPROVAL,APPROVED,40.0,I,2024-12-04 10:27:28.009,1,8,3
2808,10.0,1,3562101000302,,2024-12-03 10:54:45.658,CRC,Dexametasona como preparado estomatológico,Tomato,1,0.0,100.0,102.0,100.0,PENDING_APPROVAL,PENDING_APPROVAL,2.0,Cm,,0,1,3
2810,999.0,21,8882100000000,,2024-12-03 12:18:59.040,CRC,Servicios de produccion,Servicios de produccion,1,0.0,999.0,23706.27,20979.0,PENDING_APPROVAL,APPROVED,2727.27,Al,2024-12-04 03:55:25.577,20,1,8
2822,7777.0,7,3897200030000,,2024-12-04 04:30:22.354,CRC,"Pelucas, barbas, cejas, pestañas, mechones y artículos análogos, de materiales n.c.p.",Pan cuadrado,3,0.0,7777.0,61516.07,54439.0,PENDING_APPROVAL,APPROVED,7077.07,Al,2024-12-04 04:35:06.889,6,1,8
2823,99.0,100,4123101990100,,2024-12-04 04:30:27.161,CRC,"Productos laminados planos de hierro o acero, sin alear, de anchura superior o igual a 600 mm, laminados en caliente, sin revestir ni chapar, n.c.p.",Productos,4,0.0,99.0,11187.0,9900.0,PENDING_APPROVAL,APPROVED,1287.0,Al,2024-12-04 04:35:18.870,5,1,8
2824,890.0,5,3897200010200,,2024-12-04 04:51:12.283,CRC,"Barbas, cejas, pestañas, mechones y artículos análogos, de fibras textiles sintéticas",Barbas,5,5.0,890.0,5028.5,4450.0,PENDING_APPROVAL,APPROVED,578.5,1/m,2024-12-04 04:51:46.934,11,1,8
2825,100.0,1,2118402000111,,2024-12-04 07:00:46.179,USD,Product,Product,1,0.0,100.0,101.0,100.0,PENDING_APPROVAL,APPROVED,1.0,h,,0,1,2
2952,123.0,1,2681001020000,,2024-12-05 07:53:00.357,CRC,Tejidos aterciopelados,Tejidos aterciopelados,1,0.0,123.0,138.99,123.0,PENDING_APPROVAL,APPROVED,15.99,Cm,,0,1,8
2953,990.0,1,169999990000,,2024-12-05 07:58:19.282,CRC,Estimulantes,Estimulantes,1,0.0,990.0,1118.7,990.0,PENDING_APPROVAL,APPROVED,128.7,Al,,0,1,8
2954,0.2,1,4641004000000,,2024-12-06 05:14:25.242,CRC,"Pilas y baterías de pilas, de litio",BateriasTest,2,0.0,0.2,0.23,0.2,PENDING_APPROVAL,APPROVED,0.03,1/m,,0,1,8
3005,3.0,1,111200000100,,2024-12-06 09:10:07.518,CRC,"Trigo duro, excepto para siembra",laptop,3,0.0,3.0,3.03,3.0,PENDING_APPROVAL,APPROVED,0.03,Bq,,0,7,2
3062,3.0,1,111200000100,,2024-12-09 10:50:00.415,CRC,"Trigo duro, excepto para siembra",laptop,2,0.0,3.0,3.03,3.0,PENDING_APPROVAL,APPROVED,0.03,Bq,,0,7,2
3063,40.9,1,112201020200,,2024-12-09 10:50:03.708,CRC,"Maíz blanco, en mazorca, seco, para producción de alimento para animales",pro2,3,0.0,40.9,41.31,40.9,PENDING_APPROVAL,APPROVED,0.41,Bq,,0,8,2
3064,40.9,1,112201020200,,2024-12-09 10:50:41.784,CRC,"Maíz blanco, en mazorca, seco, para producción de alimento para animales",pro2,1,0.0,40.9,41.31,40.9,PENDING_APPROVAL,APPROVED,0.41,Bq,2024-12-14 15:17:27.617,1,8,2
3065,3.0,1,111200000100,,2024-12-09 10:50:45.204,CRC,"Trigo duro, excepto para siembra",laptop,2,0.0,3.0,3.03,3.0,PENDING_APPROVAL,APPROVED,0.03,Bq,2024-12-14 15:17:27.617,1,7,2
3069,10000.0,1,112201020200,,2024-12-09 15:07:23.743,CRC,"Maíz blanco, en mazorca, seco, para producción de alimento para animales",Test,1,5.0,10000.0,10100.0,10000.0,PENDING_APPROVAL,APPROVED,100.0,Alc,2024-12-09 15:08:00.734,2,7,2
3070,3.0,1,111200000100,,2024-12-10 03:10:36.925,CRC,laptop,laptop,1,0.0,3.0,3.03,3.0,PENDING_APPROVAL,APPROVED,0.03,Bq,,0,7,2
3071,40.9,1,112201020200,,2024-12-10 05:04:38.133,CRC,pro2,pro2,1,0.0,40.9,41.31,40.9,PENDING_APPROVAL,APPROVED,0.41,Bq,,0,8,2
3102,40.9,1,112201020200,,2024-12-13 07:07:52.663,CRC,"Maíz blanco, en mazorca, seco, para producción de alimento para animales",pro2,1,0.0,40.9,41.31,40.9,PENDING_APPROVAL,PENDING_APPROVAL,0.41,Bq,,0,8,2
3103,100.0,1,3562409000111,,2024-12-13 15:06:45.085,CRC,Benzalconio como apósito medicinal,Product,2,0.0,100.0,102.0,100.0,PENDING_APPROVAL,APPROVED,2.0,Alc,,0,7,3
3105,40.9,1,112201020200,,2024-12-14 15:10:45.172,CRC,"Maíz blanco, en mazorca, seco, para producción de alimento para animales",pro2,1,0.0,40.9,41.31,40.9,PENDING_APPROVAL,APPROVED,0.41,Bq,2024-12-18 06:42:38.073,1,8,2
3152,1001.0,1,2118402000111,,2024-12-16 03:15:31.117,USD,Product,Product,1,0.0,1001.0,1011.01,1001.0,PENDING_APPROVAL,APPROVED,10.01,h,,0,1,2
3153,2000.0,1,3562409000111,,2024-12-16 03:56:31.570,CRC,Product CRC,Product CRC,1,0.0,2000.0,2040.0,2000.0,PENDING_APPROVAL,APPROVED,40.0,I,,0,8,3
3154,785.0,1,3563702000111,,2024-12-16 04:00:15.783,CRC,oiuytre,oiuytre,1,0.0,785.0,800.7,785.0,PENDING_APPROVAL,APPROVED,15.7,D,,0,7,3
3202,2000.0,1,3562409000111,,2024-12-16 04:54:14.064,CRC,Product CRC,Product CRC,1,0.0,2000.0,2040.0,2000.0,PENDING_APPROVAL,APPROVED,40.0,I,,0,8,3
3203,33.0,1,3562108000111,,2024-12-16 04:54:52.929,CRC,Test1,Test1,1,0.0,33.0,33.66,33.0,PENDING_APPROVAL,APPROVED,0.66,Alc,,0,7,3
3204,1001.0,1,2118402000111,,2024-12-16 04:58:35.158,USD,Product,Product,1,0.0,1001.0,1011.01,1001.0,PENDING_APPROVAL,APPROVED,10.01,h,,0,1,2
3205,785.0,1,3563702000111,,2024-12-16 05:00:48.529,CRC,oiuytre,oiuytre,1,0.0,785.0,800.7,785.0,PENDING_APPROVAL,APPROVED,15.7,D,,0,7,3
3206,33.0,1,3562108000111,,2024-12-16 05:01:26.727,CRC,Test1,Test1,1,0.0,33.0,33.66,33.0,PENDING_APPROVAL,APPROVED,0.66,Alc,,0,7,3
3207,33.0,1,3562108000111,,2024-12-16 06:38:17.170,CRC,Test1,Test1,1,0.0,33.0,33.66,33.0,PENDING_APPROVAL,APPROVED,0.66,Alc,,0,7,3
3208,1001.0,1,2118402000111,,2024-12-16 06:38:43.044,USD,Product,Product,1,0.0,1001.0,1011.01,1001.0,PENDING_APPROVAL,APPROVED,10.01,h,,0,1,2
3209,33.0,1,3562108000111,,2024-12-16 06:39:20.110,CRC,Test1,Test1,1,0.0,33.0,33.66,33.0,PENDING_APPROVAL,APPROVED,0.66,Alc,,0,7,3
3210,2000.0,1,3562409000111,,2024-12-16 06:40:33.540,CRC,Product CRC,Product CRC,1,0.0,2000.0,2040.0,2000.0,PENDING_APPROVAL,APPROVED,40.0,I,,0,8,3
3211,2000.0,1,3562409000111,,2024-12-16 06:41:27.535,CRC,Product CRC,Product CRC,1,0.0,2000.0,2040.0,2000.0,PENDING_APPROVAL,APPROVED,40.0,I,,0,8,3
3212,785.0,1,3563702000111,,2024-12-16 06:42:56.137,CRC,oiuytre,oiuytre,1,0.0,785.0,800.7,785.0,PENDING_APPROVAL,APPROVED,15.7,D,,0,7,3
3213,785.0,1,3563702000111,,2024-12-16 06:48:20.317,CRC,oiuytre,oiuytre,1,0.0,785.0,800.7,785.0,PENDING_APPROVAL,APPROVED,15.7,D,,0,7,3
3214,33.0,1,3562108000111,,2024-12-16 07:54:32.962,CRC,Test1,Test1,1,0.0,33.0,33.66,33.0,PENDING_APPROVAL,APPROVED,0.66,Alc,,0,7,3
3255,253.0,1,111200000100,,2024-12-18 06:01:10.675,CRC,"Trigo duro, excepto para siembra",product 1,1,0.0,253.0,255.53,253.0,PENDING_APPROVAL,APPROVED,2.53,D,,0,7,2
3256,44.0,1,111100009900,,2024-12-18 06:01:15.322,USD,"Trigo, para siembra (semillas), excepto duro",test two,2,0.0,44.0,44.44,44.0,PENDING_APPROVAL,APPROVED,0.44,A/m²,,0,7,2
3265,44.0,1,111100009900,,2024-12-18 07:17:06.609,USD,"Trigo, para siembra (semillas), excepto duro",test two,1,0.0,44.0,44.44,44.0,PENDING_APPROVAL,APPROVED,0.44,A/m²,,0,7,2
3266,253.0,1,111200000100,,2024-12-18 07:20:08.192,CRC,"Trigo duro, excepto para siembra",product 1,2,0.0,253.0,255.53,253.0,PENDING_APPROVAL,APPROVED,2.53,D,,0,7,2
3267,785.0,1,3563702000111,,2024-12-18 07:40:03.155,CRC,oiuytre,oiuytre,1,0.0,785.0,800.7,785.0,PENDING_APPROVAL,APPROVED,15.7,D,,0,7,3
3302,2000.0,1,3562410000000,,2024-12-19 00:08:11.753,CRC,Product CRC,Product CRC,1,0.0,2000.0,2040.0,2000.0,PENDING_APPROVAL,APPROVED,40.0,A/m²,,0,7,3
3303,40.9,1,112201020200,,2024-12-19 00:11:28.192,CRC,"Maíz blanco, en mazorca, seco, para producción de alimento para animales",pro2,1,0.0,40.9,41.31,40.9,PENDING_APPROVAL,PENDING_APPROVAL,0.41,Bq,,0,8,2
3304,25.07,1,111200000100,,2024-12-19 00:12:53.599,CRC,"Trigo duro, excepto para siembra",laptop,3,1.0,25.07,25.32,25.07,PENDING_APPROVAL,APPROVED,0.25,Bq,2024-12-19 00:13:09.965,13,7,2
3305,4000.0,1,3562410000000,,2024-12-19 08:16:02.066,CRC,Product Import12,Product Import12,1,0.0,4000.0,4080.0,4000.0,PENDING_APPROVAL,APPROVED,80.0,A/m²,,0,7,3
3352,23.0,1,111200000100,,2024-12-22 12:31:52.959,CRC,"Trigo duro, excepto para siembra",product 7,4,0.0,23.0,23.23,23.0,PENDING_APPROVAL,APPROVED,0.23,A/m²,,0,7,2
3353,44.0,1,111100009900,,2024-12-22 12:32:09.728,USD,"Trigo, para siembra (semillas), excepto duro",test two,5,0.0,44.0,44.44,44.0,PENDING_APPROVAL,APPROVED,0.44,A/m²,,0,7,2
3355,23.0,1,111200000100,,2024-12-23 20:31:56.769,CRC,"Trigo duro, excepto para siembra",product 7,2,0.0,23.0,23.23,23.0,PENDING_APPROVAL,APPROVED,0.23,A/m²,,0,7,2
3402,4000.0,1,3562410000000,,2024-12-24 09:13:58.518,CRC,Benzalconio como apósito medicinal,Product Import1,1,0.0,4000.0,4080.0,4000.0,PENDING_APPROVAL,PENDING_APPROVAL,80.0,A/m²,,0,7,3
