id,clave,comment,created_at,currency_code,currency_exchange_rate,hacienda_responsexmlpath,issue_date,medio_pago_details,original_notaxmlpath,pdf_path,price_with_tax,price_without_tax,receiver_email,receiver_identification,receiver_name,sender_email,sender_name,sender_tax_payer_id,status,tax,total_comprobante,total_descuentos,total_exento,total_gravado,total_impuesto,total_mercancias_exentas,total_serv_gravados,total_venta,total_venta_neta,type,codigo_actividad_id,condicion_venta_id,facturas_id,medio_pago_id,sender_profile_id
1,50622092400310282323201100001031000011841136702180,,2024-09-22 12:37:32.888534,CRC,1.00,/home/cybergeek2/IdeaProjects/PamiFactura-SpringBoot/NotaCreditoHaciendaResponseXMLs/H20110000101100001183.xml,2024-09-22 12:37:31.190000,,/home/cybergeek2/IdeaProjects/PamiFactura-SpringBoot/NotaCreditoOriginalXMLs/N20110000101100001183.xml,/home/cybergeek2/IdeaProjects/PamiFactura-SpringBoot/NotaPDFs/P50622092400310282323201100001031000011841136702180.pdf,0.00,0.00,amine2005fcb@gmail.com,2233223322,2233,danaamine080807@gmail.com,NIMBU LAND HOLDING LIMITADA,3102823232,rechazado,0.00,2.0200,0.0000,0.0000,2.0000,0.0200,0.0000,2.0000,2.0000,2.0000,CREDITO,41,,905,,805
2,50622092400310282323201100001031000011842159555507,,2024-09-22 12:41:05.492615,CRC,1.00,/home/cybergeek2/IdeaProjects/PamiFactura-SpringBoot/NotaCreditoHaciendaResponseXMLs/H20110000101100001183.xml,2024-09-22 12:41:05.336000,,/home/cybergeek2/IdeaProjects/PamiFactura-SpringBoot/NotaCreditoOriginalXMLs/N20110000101100001183.xml,/home/cybergeek2/IdeaProjects/PamiFactura-SpringBoot/NotaPDFs/P50622092400310282323201100001031000011842159555507.pdf,0.00,0.00,amine2005fcb@gmail.com,2233223322,2233,danaamine080807@gmail.com,NIMBU LAND HOLDING LIMITADA,3102823232,rechazado,0.00,2.0200,0.0000,0.0000,2.0000,0.0200,0.0000,2.0000,2.0000,2.0000,CREDITO,41,,905,,805
3,50622092400310282323201100001031000011843198892153,,2024-09-22 12:42:55.372177,CRC,1.00,/home/cybergeek2/IdeaProjects/PamiFactura-SpringBoot/NotaCreditoHaciendaResponseXMLs/H20110000101100001183.xml,2024-09-22 12:42:55.261000,,/home/cybergeek2/IdeaProjects/PamiFactura-SpringBoot/NotaCreditoOriginalXMLs/N20110000101100001183.xml,/home/cybergeek2/IdeaProjects/PamiFactura-SpringBoot/NotaPDFs/P50622092400310282323201100001031000011843198892153.pdf,0.00,0.00,amine2005fcb@gmail.com,2233223322,2233,danaamine080807@gmail.com,NIMBU LAND HOLDING LIMITADA,3102823232,rechazado,0.00,2.0200,0.0000,0.0000,2.0000,0.0200,0.0000,2.0000,2.0000,2.0000,CREDITO,41,,905,,805
4,50622092400310282323201100001031000011844143452910,,2024-09-22 12:46:56.712606,CRC,1.00,/home/cybergeek2/IdeaProjects/PamiFactura-SpringBoot/NotaCreditoHaciendaResponseXMLs/H20110000101100001183.xml,2024-09-22 12:46:56.597000,,/home/cybergeek2/IdeaProjects/PamiFactura-SpringBoot/NotaCreditoOriginalXMLs/N20110000101100001183.xml,/home/cybergeek2/IdeaProjects/PamiFactura-SpringBoot/NotaPDFs/P50622092400310282323201100001031000011844143452910.pdf,0.00,0.00,amine2005fcb@gmail.com,2233223322,2233,danaamine080807@gmail.com,NIMBU LAND HOLDING LIMITADA,3102823232,rechazado,0.00,2.0200,0.0000,0.0000,2.0000,0.0200,0.0000,2.0000,2.0000,2.0000,CREDITO,41,,905,,805
5,50622092400310282323201100001031000011845176990202,,2024-09-22 12:48:43.369631,CRC,1.00,/home/cybergeek2/IdeaProjects/PamiFactura-SpringBoot/NotaCreditoHaciendaResponseXMLs/H20110000101100001183.xml,2024-09-22 12:48:43.266000,,/home/cybergeek2/IdeaProjects/PamiFactura-SpringBoot/NotaCreditoOriginalXMLs/N20110000101100001183.xml,/home/cybergeek2/IdeaProjects/PamiFactura-SpringBoot/NotaPDFs/P50622092400310282323201100001031000011845176990202.pdf,0.00,0.00,amine2005fcb@gmail.com,2233223322,2233,danaamine080807@gmail.com,NIMBU LAND HOLDING LIMITADA,3102823232,rechazado,0.00,2.0200,0.0000,0.0000,2.0000,0.0200,0.0000,2.0000,2.0000,2.0000,CREDITO,41,,905,,805
6,50622092400310282323201100001031000011846130149958,,2024-09-22 12:50:09.684382,CRC,1.00,/home/cybergeek2/IdeaProjects/PamiFactura-SpringBoot/NotaCreditoHaciendaResponseXMLs/H20110000101100001183.xml,2024-09-22 12:50:09.577000,,/home/cybergeek2/IdeaProjects/PamiFactura-SpringBoot/NotaCreditoOriginalXMLs/N20110000101100001183.xml,/home/cybergeek2/IdeaProjects/PamiFactura-SpringBoot/NotaPDFs/P50622092400310282323201100001031000011846130149958.pdf,0.00,0.00,amine2005fcb@gmail.com,2233223322,2233,danaamine080807@gmail.com,NIMBU LAND HOLDING LIMITADA,3102823232,rechazado,0.00,2.0200,0.0000,0.0000,2.0000,0.0200,0.0000,2.0000,2.0000,2.0000,CREDITO,41,,905,,805
7,50622092400310282323201100001031000011847149795699,,2024-09-22 12:53:34.196658,CRC,1.00,/home/cybergeek2/IdeaProjects/PamiFactura-SpringBoot/NotaCreditoHaciendaResponseXMLs/H20110000101100001183.xml,2024-09-22 12:53:34.087000,,/home/cybergeek2/IdeaProjects/PamiFactura-SpringBoot/NotaCreditoOriginalXMLs/N20110000101100001183.xml,/home/cybergeek2/IdeaProjects/PamiFactura-SpringBoot/NotaPDFs/P50622092400310282323201100001031000011847149795699.pdf,0.00,0.00,amine2005fcb@gmail.com,2233223322,2233,danaamine080807@gmail.com,NIMBU LAND HOLDING LIMITADA,3102823232,rechazado,0.00,2.0200,0.0000,0.0000,2.0000,0.0200,0.0000,2.0000,2.0000,2.0000,CREDITO,41,,905,,805
8,50622092400310282323201100001031000011848197235712,,2024-09-22 12:57:44.875456,CRC,1.00,/home/cybergeek2/IdeaProjects/PamiFactura-SpringBoot/NotaCreditoHaciendaResponseXMLs/H20110000101100001183.xml,2024-09-22 12:57:44.763000,,/home/cybergeek2/IdeaProjects/PamiFactura-SpringBoot/NotaCreditoOriginalXMLs/N20110000101100001183.xml,/home/cybergeek2/IdeaProjects/PamiFactura-SpringBoot/NotaPDFs/P50622092400310282323201100001031000011848197235712.pdf,0.00,0.00,amine2005fcb@gmail.com,2233223322,2233,danaamine080807@gmail.com,NIMBU LAND HOLDING LIMITADA,3102823232,rechazado,0.00,2.0200,0.0000,0.0000,2.0000,0.0200,0.0000,2.0000,2.0000,2.0000,CREDITO,41,,905,,805
9,50623092400310282323201100001031000011850131885081,,2024-09-23 07:50:29.093282,CRC,1.00,/home/cybergeek2/IdeaProjects/PamiFactura-SpringBoot/NotaCreditoHaciendaResponseXMLs/H20110000101100001183.xml,2024-09-23 07:50:28.977000,,/home/cybergeek2/IdeaProjects/PamiFactura-SpringBoot/NotaCreditoOriginalXMLs/N20110000101100001183.xml,/home/cybergeek2/IdeaProjects/PamiFactura-SpringBoot/NotaPDFs/P50623092400310282323201100001031000011850131885081.pdf,0.00,0.00,amine2005fcb@gmail.com,2233223322,2233,danaamine080807@gmail.com,NIMBU LAND HOLDING LIMITADA,3102823232,rechazado,0.00,2.0200,0.0000,0.0000,2.0000,0.0200,0.0000,2.0000,2.0000,2.0000,CREDITO,41,,905,,805
10,50623092400310282323201100001031000011851190716907,,2024-09-23 09:35:42.901157,CRC,1.00,/home/cybergeek2/IdeaProjects/PamiFactura-SpringBoot/NotaCreditoHaciendaResponseXMLs/H20110000101100001183.xml,2024-09-23 09:35:42.782000,,/home/cybergeek2/IdeaProjects/PamiFactura-SpringBoot/NotaCreditoOriginalXMLs/N20110000101100001183.xml,/home/cybergeek2/IdeaProjects/PamiFactura-SpringBoot/NotaPDFs/P50623092400310282323201100001031000011851190716907.pdf,0.00,0.00,amine2005fcb@gmail.com,2233223322,2233,danaamine080807@gmail.com,NIMBU LAND HOLDING LIMITADA,3102823232,rechazado,0.00,2.0200,0.0000,0.0000,2.0000,0.0200,0.0000,2.0000,2.0000,2.0000,CREDITO,41,,905,,805
52,50624092400310282323201100001031000011852179417603,,2024-09-24 01:59:11.737077,CRC,1.00,/home/cybergeek2/IdeaProjects/PamiFactura-SpringBoot/NotaCreditoHaciendaResponseXMLs/H20110000101100001183.xml,2024-09-24 01:59:10.299000,,/home/cybergeek2/IdeaProjects/PamiFactura-SpringBoot/NotaCreditoOriginalXMLs/N20110000101100001183.xml,/home/cybergeek2/IdeaProjects/PamiFactura-SpringBoot/NotaPDFs/P50624092400310282323201100001031000011852179417603.pdf,0.00,0.00,amine2005fcb@gmail.com,2233223322,2233,danaamine080807@gmail.com,NIMBU LAND HOLDING LIMITADA,3102823232,rechazado,0.00,2.0200,0.0000,0.0000,2.0000,0.0200,0.0000,2.0000,2.0000,2.0000,CREDITO,41,,905,,805
102,50626092400310282323301100001031000011854162302353,,2024-09-26 06:13:10.729891,CRC,1.00,/home/cybergeek2/IdeaProjects/PamiFactura-SpringBoot/NotaCreditoHaciendaResponseXMLs/H30110000101100001185.xml,2024-09-26 06:13:10.574000,,/home/cybergeek2/IdeaProjects/PamiFactura-SpringBoot/NotaCreditoOriginalXMLs/N30110000101100001185.xml,/home/cybergeek2/IdeaProjects/PamiFactura-SpringBoot/NotaPDFs/P50626092400310282323301100001031000011854162302353.pdf,0.00,0.00,factura@pamifactura.com,3102823257,PAMI PAMI CR LIMITADA,deemsenterprise@gmail.com,NIMBU LAND HOLDING LIMITADA,3102823233,rechazado,0.00,102.0000,0.0000,0.0000,100.0000,2.0000,0.0000,100.0000,100.0000,100.0000,CREDITO,42,,1002,,58
152,50604102400310282323201100001031000011884118270800,,2024-10-04 15:33:49.862804,CRC,1.00,/home/cybergeek2/IdeaProjects/PamiFactura-SpringBoot/NotaCreditoHaciendaResponseXMLs/H01100001011000011883.xml,2024-10-04 15:33:48.535000,,/home/cybergeek2/IdeaProjects/PamiFactura-SpringBoot/NotaCreditoOriginalXMLs/F20110000103100001188.xml,/home/cybergeek2/IdeaProjects/PamiFactura-SpringBoot/NotaPDFs/P50604102400310282323201100001031000011884118270800.pdf,0.00,0.00,ashirzuhaib2@gmail.com,3102823232,NIMBU LAND HOLDING LIMITADA,deemsenterprise@gmail.com,NIMBU LAND HOLDING LIMITADA,3102823232,aceptado,0.00,113.0000,0.0000,0.0000,100.0000,13.0000,0.0000,100.0000,100.0000,100.0000,CREDITO,1,,1302,,58
153,50606102400310282323201100001031000011886184445844,,2024-10-06 09:18:41.189163,CRC,1.00,/home/cybergeek2/IdeaProjects/PamiFactura-SpringBoot/NotaCreditoHaciendaResponseXMLs/H01100001011000011883.xml,2024-10-06 09:18:40.996000,,/home/cybergeek2/IdeaProjects/PamiFactura-SpringBoot/NotaCreditoOriginalXMLs/N01100001011000011883.xml,/home/cybergeek2/IdeaProjects/PamiFactura-SpringBoot/NotaPDFs/P50606102400310282323201100001031000011886184445844.pdf,0.00,0.00,ashirzuhaib2@gmail.com,3102823232,NIMBU LAND HOLDING LIMITADA,deemsenterprise@gmail.com,NIMBU LAND HOLDING LIMITADA,3102823232,aceptado,0.00,113.0000,0.0000,0.0000,100.0000,13.0000,0.0000,100.0000,100.0000,100.0000,CREDITO,1,,1302,,58
202,50610102400310282323201100001031000011887154348079,,2024-10-10 14:05:49.457300,CRC,1.00,/home/cybergeek2/IdeaProjects/PamiFactura-SpringBoot/NotaCreditoHaciendaResponseXMLs/H01100001011000011883.xml,2024-10-10 14:05:47.849000,,/home/cybergeek2/IdeaProjects/PamiFactura-SpringBoot/NotaCreditoOriginalXMLs/N01100001011000011883.xml,/home/cybergeek2/IdeaProjects/PamiFactura-SpringBoot/NotaPDFs/P50610102400310282323201100001031000011887154348079.pdf,0.00,0.00,ashirzuhaib2@gmail.com,3102823232,NIMBU LAND HOLDING LIMITADA,deemsenterprise@gmail.com,NIMBU LAND HOLDING LIMITADA,3102823232,aceptado,0.00,88.1400,0.0000,0.0000,78.0000,10.1400,0.0000,78.0000,78.0000,78.0000,CREDITO,1,3,1302,2,58
203,50610102400310282323201100001031000011888188327519,,2024-10-10 14:09:10.544488,CRC,1.00,/home/cybergeek2/IdeaProjects/PamiFactura-SpringBoot/NotaCreditoHaciendaResponseXMLs/H01100001011000011883.xml,2024-10-10 14:09:10.379000,,/home/cybergeek2/IdeaProjects/PamiFactura-SpringBoot/NotaCreditoOriginalXMLs/N01100001011000011883.xml,/home/cybergeek2/IdeaProjects/PamiFactura-SpringBoot/NotaPDFs/P50610102400310282323201100001031000011888188327519.pdf,0.00,0.00,ashirzuhaib2@gmail.com,3102823232,NIMBU LAND HOLDING LIMITADA,deemsenterprise@gmail.com,NIMBU LAND HOLDING LIMITADA,3102823232,rechazado,0.00,-176.2800,0.0000,0.0000,-156.0000,-20.2800,0.0000,-156.0000,-156.0000,-156.0000,CREDITO,1,3,1302,2,58
204,50610102400310282323201100001031000011889153298287,,2024-10-10 14:09:29.927736,CRC,1.00,/home/cybergeek2/IdeaProjects/PamiFactura-SpringBoot/NotaCreditoHaciendaResponseXMLs/H01100001011000011883.xml,2024-10-10 14:09:29.794000,,/home/cybergeek2/IdeaProjects/PamiFactura-SpringBoot/NotaCreditoOriginalXMLs/N01100001011000011883.xml,/home/cybergeek2/IdeaProjects/PamiFactura-SpringBoot/NotaPDFs/P50610102400310282323201100001031000011889153298287.pdf,0.00,0.00,ashirzuhaib2@gmail.com,3102823232,NIMBU LAND HOLDING LIMITADA,deemsenterprise@gmail.com,NIMBU LAND HOLDING LIMITADA,3102823232,rechazado,0.00,-176.2800,0.0000,0.0000,-156.0000,-20.2800,0.0000,-156.0000,-156.0000,-156.0000,CREDITO,1,3,1302,2,58
205,50610102400310282323201100001031000011890115771238,,2024-10-10 14:11:03.973741,CRC,1.00,/home/cybergeek2/IdeaProjects/PamiFactura-SpringBoot/NotaCreditoHaciendaResponseXMLs/H01100001011000011880.xml,2024-10-10 14:11:03.852000,,/home/cybergeek2/IdeaProjects/PamiFactura-SpringBoot/NotaCreditoOriginalXMLs/F20110000103100001189.xml,/home/cybergeek2/IdeaProjects/PamiFactura-SpringBoot/NotaPDFs/P50610102400310282323201100001031000011890115771238.pdf,0.00,0.00,ashirzuhaib2@gmail.com,3102823232,NIMBU LAND HOLDING LIMITADA,deemsenterprise@gmail.com,NIMBU LAND HOLDING LIMITADA,3102823232,aceptado,0.00,9.0400,0.0000,0.0000,8.0000,1.0400,0.0000,8.0000,8.0000,8.0000,CREDITO,1,4,1253,3,58
206,50610102400310282323201100001031000011891118208633,,2024-10-10 14:21:59.139281,CRC,1.00,/home/cybergeek2/IdeaProjects/PamiFactura-SpringBoot/NotaCreditoHaciendaResponseXMLs/H01100001011000011883.xml,2024-10-10 14:21:59.004000,,/home/cybergeek2/IdeaProjects/PamiFactura-SpringBoot/NotaCreditoOriginalXMLs/N01100001011000011883.xml,/home/cybergeek2/IdeaProjects/PamiFactura-SpringBoot/NotaPDFs/P50610102400310282323201100001031000011891118208633.pdf,0.00,0.00,ashirzuhaib2@gmail.com,3102823232,NIMBU LAND HOLDING LIMITADA,deemsenterprise@gmail.com,NIMBU LAND HOLDING LIMITADA,3102823232,aceptado,0.00,9.0400,0.0000,0.0000,8.0000,1.0400,0.0000,8.0000,8.0000,8.0000,CREDITO,1,3,1302,2,58
207,50610102400310282323201100001031000011892123987459,,2024-10-10 14:22:09.210218,CRC,1.00,/home/cybergeek2/IdeaProjects/PamiFactura-SpringBoot/NotaCreditoHaciendaResponseXMLs/H01100001011000011883.xml,2024-10-10 14:22:09.101000,,/home/cybergeek2/IdeaProjects/PamiFactura-SpringBoot/NotaCreditoOriginalXMLs/N01100001011000011883.xml,/home/cybergeek2/IdeaProjects/PamiFactura-SpringBoot/NotaPDFs/P50610102400310282323201100001031000011892123987459.pdf,0.00,0.00,ashirzuhaib2@gmail.com,3102823232,NIMBU LAND HOLDING LIMITADA,deemsenterprise@gmail.com,NIMBU LAND HOLDING LIMITADA,3102823232,aceptado,0.00,9.0400,0.0000,0.0000,8.0000,1.0400,0.0000,8.0000,8.0000,8.0000,CREDITO,1,3,1302,2,58
208,50610102400310282323201100001031000011893143394077,,2024-10-10 14:30:24.847289,CRC,1.00,/home/cybergeek2/IdeaProjects/PamiFactura-SpringBoot/NotaCreditoHaciendaResponseXMLs/H01100001011000011883.xml,2024-10-10 14:30:24.711000,,/home/cybergeek2/IdeaProjects/PamiFactura-SpringBoot/NotaCreditoOriginalXMLs/N01100001011000011883.xml,/home/cybergeek2/IdeaProjects/PamiFactura-SpringBoot/NotaPDFs/P50610102400310282323201100001031000011893143394077.pdf,0.00,0.00,ashirzuhaib2@gmail.com,3102823232,NIMBU LAND HOLDING LIMITADA,deemsenterprise@gmail.com,NIMBU LAND HOLDING LIMITADA,3102823232,aceptado,0.00,9.0400,0.0000,0.0000,8.0000,1.0400,0.0000,8.0000,8.0000,8.0000,CREDITO,1,3,1302,2,58
209,50610102400310282323201100001031000011894189267873,,2024-10-10 15:09:51.626508,CRC,1.00,/home/cybergeek2/IdeaProjects/PamiFactura-SpringBoot/NotaCreditoHaciendaResponseXMLs/H01100001011000011883.xml,2024-10-10 15:09:51.501000,,/home/cybergeek2/IdeaProjects/PamiFactura-SpringBoot/NotaCreditoOriginalXMLs/N01100001011000011883.xml,/home/cybergeek2/IdeaProjects/PamiFactura-SpringBoot/NotaPDFs/P50610102400310282323201100001031000011894189267873.pdf,0.00,0.00,ashirzuhaib2@gmail.com,3102823232,NIMBU LAND HOLDING LIMITADA,deemsenterprise@gmail.com,NIMBU LAND HOLDING LIMITADA,3102823232,aceptado,0.00,0.0000,0.0000,0.0000,0.0000,0.0000,0.0000,0.0000,0.0000,0.0000,CREDITO,1,3,1302,2,58
210,50610102400310282323201100001031000011895126464671,,2024-10-10 15:10:09.998484,CRC,1.00,/home/cybergeek2/IdeaProjects/PamiFactura-SpringBoot/NotaCreditoHaciendaResponseXMLs/H01100001011000011883.xml,2024-10-10 15:10:09.887000,,/home/cybergeek2/IdeaProjects/PamiFactura-SpringBoot/NotaCreditoOriginalXMLs/N01100001011000011883.xml,/home/cybergeek2/IdeaProjects/PamiFactura-SpringBoot/NotaPDFs/P50610102400310282323201100001031000011895126464671.pdf,0.00,0.00,ashirzuhaib2@gmail.com,3102823232,NIMBU LAND HOLDING LIMITADA,deemsenterprise@gmail.com,NIMBU LAND HOLDING LIMITADA,3102823232,aceptado,0.00,0.0000,0.0000,0.0000,0.0000,0.0000,0.0000,0.0000,0.0000,0.0000,CREDITO,1,3,1302,2,58
211,50610102400310282323201100001031000011896181813616,,2024-10-10 15:10:18.528970,CRC,1.00,/home/cybergeek2/IdeaProjects/PamiFactura-SpringBoot/NotaCreditoHaciendaResponseXMLs/H01100001011000011883.xml,2024-10-10 15:10:18.426000,,/home/cybergeek2/IdeaProjects/PamiFactura-SpringBoot/NotaCreditoOriginalXMLs/N01100001011000011883.xml,/home/cybergeek2/IdeaProjects/PamiFactura-SpringBoot/NotaPDFs/P50610102400310282323201100001031000011896181813616.pdf,0.00,0.00,ashirzuhaib2@gmail.com,3102823232,NIMBU LAND HOLDING LIMITADA,deemsenterprise@gmail.com,NIMBU LAND HOLDING LIMITADA,3102823232,aceptado,0.00,0.0000,0.0000,0.0000,0.0000,0.0000,0.0000,0.0000,0.0000,0.0000,CREDITO,1,3,1302,2,58
212,50610102400310282323201100001031000011897158115447,,2024-10-10 15:15:09.723533,CRC,1.00,/home/cybergeek2/IdeaProjects/PamiFactura-SpringBoot/NotaCreditoHaciendaResponseXMLs/H01100001011000011883.xml,2024-10-10 15:15:09.628000,,/home/cybergeek2/IdeaProjects/PamiFactura-SpringBoot/NotaCreditoOriginalXMLs/N01100001011000011883.xml,/home/cybergeek2/IdeaProjects/PamiFactura-SpringBoot/NotaPDFs/P50610102400310282323201100001031000011897158115447.pdf,0.00,0.00,ashirzuhaib2@gmail.com,3102823232,NIMBU LAND HOLDING LIMITADA,deemsenterprise@gmail.com,NIMBU LAND HOLDING LIMITADA,3102823232,aceptado,0.00,0.0000,0.0000,0.0000,0.0000,0.0000,0.0000,0.0000,0.0000,0.0000,CREDITO,1,3,1302,2,58
213,50610102400310282323201100001031000011898192284164,,2024-10-10 15:16:46.060788,CRC,1.00,/home/cybergeek2/IdeaProjects/PamiFactura-SpringBoot/NotaCreditoHaciendaResponseXMLs/H01100001011000011883.xml,2024-10-10 15:16:45.975000,,/home/cybergeek2/IdeaProjects/PamiFactura-SpringBoot/NotaCreditoOriginalXMLs/N01100001011000011883.xml,/home/cybergeek2/IdeaProjects/PamiFactura-SpringBoot/NotaPDFs/P50610102400310282323201100001031000011898192284164.pdf,0.00,0.00,ashirzuhaib2@gmail.com,3102823232,NIMBU LAND HOLDING LIMITADA,deemsenterprise@gmail.com,NIMBU LAND HOLDING LIMITADA,3102823232,aceptado,0.00,10.1700,0.0000,0.0000,9.0000,1.1700,0.0000,9.0000,9.0000,9.0000,CREDITO,1,3,1302,2,58
214,50610102400310282323201100001031000011899141192834,,2024-10-10 15:17:48.689617,CRC,1.00,/home/cybergeek2/IdeaProjects/PamiFactura-SpringBoot/NotaCreditoHaciendaResponseXMLs/H01100001011000011883.xml,2024-10-10 15:17:48.584000,,/home/cybergeek2/IdeaProjects/PamiFactura-SpringBoot/NotaCreditoOriginalXMLs/N01100001011000011883.xml,/home/cybergeek2/IdeaProjects/PamiFactura-SpringBoot/NotaPDFs/P50610102400310282323201100001031000011899141192834.pdf,0.00,0.00,ashirzuhaib2@gmail.com,3102823232,NIMBU LAND HOLDING LIMITADA,deemsenterprise@gmail.com,NIMBU LAND HOLDING LIMITADA,3102823232,rechazado,0.00,-201.1400,0.0000,0.0000,-178.0000,-23.1400,0.0000,-178.0000,-178.0000,-178.0000,CREDITO,1,3,1302,2,58
215,50610102400310282323201100001031000011900178518500,,2024-10-10 15:20:22.558152,CRC,1.00,/home/cybergeek2/IdeaProjects/PamiFactura-SpringBoot/NotaCreditoHaciendaResponseXMLs/H01100001011000011880.xml,2024-10-10 15:20:22.461000,,/home/cybergeek2/IdeaProjects/PamiFactura-SpringBoot/NotaCreditoOriginalXMLs/N01100001011000011880.xml,/home/cybergeek2/IdeaProjects/PamiFactura-SpringBoot/NotaPDFs/P50610102400310282323201100001031000011900178518500.pdf,0.00,0.00,ashirzuhaib2@gmail.com,3102823232,NIMBU LAND HOLDING LIMITADA,deemsenterprise@gmail.com,NIMBU LAND HOLDING LIMITADA,3102823232,rechazado,0.00,-301.7100,0.0000,0.0000,-267.0000,-34.7100,0.0000,-267.0000,-267.0000,-267.0000,CREDITO,1,4,1253,3,58
216,50610102400310282323201100001031000011901173123636,,2024-10-10 15:22:59.038506,CRC,1.00,/home/cybergeek2/IdeaProjects/PamiFactura-SpringBoot/NotaCreditoHaciendaResponseXMLs/H01100001011000011883.xml,2024-10-10 15:22:58.944000,,/home/cybergeek2/IdeaProjects/PamiFactura-SpringBoot/NotaCreditoOriginalXMLs/N01100001011000011883.xml,/home/cybergeek2/IdeaProjects/PamiFactura-SpringBoot/NotaPDFs/P50610102400310282323201100001031000011901173123636.pdf,0.00,0.00,ashirzuhaib2@gmail.com,3102823232,NIMBU LAND HOLDING LIMITADA,deemsenterprise@gmail.com,NIMBU LAND HOLDING LIMITADA,3102823232,aceptado,0.00,100.5700,0.0000,0.0000,89.0000,11.5700,0.0000,89.0000,89.0000,89.0000,CREDITO,1,3,1302,2,58
217,50610102400310282323201100001031000011902198330960,,2024-10-10 15:47:12.452392,CRC,1.00,/home/cybergeek2/IdeaProjects/PamiFactura-SpringBoot/NotaCreditoHaciendaResponseXMLs/H01100001011000011883.xml,2024-10-10 15:47:12.343000,,/home/cybergeek2/IdeaProjects/PamiFactura-SpringBoot/NotaCreditoOriginalXMLs/N01100001011000011883.xml,/home/cybergeek2/IdeaProjects/PamiFactura-SpringBoot/NotaPDFs/P50610102400310282323201100001031000011902198330960.pdf,0.00,0.00,ashirzuhaib2@gmail.com,3102823232,NIMBU LAND HOLDING LIMITADA,deemsenterprise@gmail.com,NIMBU LAND HOLDING LIMITADA,3102823232,aceptado,0.00,9.0400,0.0000,0.0000,8.0000,1.0400,0.0000,8.0000,8.0000,8.0000,CREDITO,1,3,1302,2,58
218,50610102400310282323201100001031000011903154793582,,2024-10-10 15:50:27.798602,CRC,1.00,/home/cybergeek2/IdeaProjects/PamiFactura-SpringBoot/NotaCreditoHaciendaResponseXMLs/H01100001011000011883.xml,2024-10-10 15:50:27.699000,,/home/cybergeek2/IdeaProjects/PamiFactura-SpringBoot/NotaCreditoOriginalXMLs/N01100001011000011883.xml,/home/cybergeek2/IdeaProjects/PamiFactura-SpringBoot/NotaPDFs/P50610102400310282323201100001031000011903154793582.pdf,0.00,0.00,ashirzuhaib2@gmail.com,3102823232,NIMBU LAND HOLDING LIMITADA,deemsenterprise@gmail.com,NIMBU LAND HOLDING LIMITADA,3102823232,aceptado,0.00,9.0400,0.0000,0.0000,8.0000,1.0400,0.0000,8.0000,8.0000,8.0000,CREDITO,1,3,1302,2,58
219,50610102400310282323201100001031000011904145356808,,2024-10-10 15:56:19.626624,CRC,1.00,/home/cybergeek2/IdeaProjects/PamiFactura-SpringBoot/NotaCreditoHaciendaResponseXMLs/H01100001011000011883.xml,2024-10-10 15:56:19.531000,,/home/cybergeek2/IdeaProjects/PamiFactura-SpringBoot/NotaCreditoOriginalXMLs/N01100001011000011883.xml,/home/cybergeek2/IdeaProjects/PamiFactura-SpringBoot/NotaPDFs/P50610102400310282323201100001031000011904145356808.pdf,0.00,0.00,ashirzuhaib2@gmail.com,3102823232,NIMBU LAND HOLDING LIMITADA,deemsenterprise@gmail.com,NIMBU LAND HOLDING LIMITADA,3102823232,aceptado,0.00,0.0000,0.0000,0.0000,0.0000,0.0000,0.0000,0.0000,0.0000,0.0000,CREDITO,1,3,1302,2,58
220,50610102400310282323201100001031000011905165683777,,2024-10-10 15:56:36.131575,CRC,1.00,/home/cybergeek2/IdeaProjects/PamiFactura-SpringBoot/NotaCreditoHaciendaResponseXMLs/H01100001011000011883.xml,2024-10-10 15:56:36.026000,,/home/cybergeek2/IdeaProjects/PamiFactura-SpringBoot/NotaCreditoOriginalXMLs/N01100001011000011883.xml,/home/cybergeek2/IdeaProjects/PamiFactura-SpringBoot/NotaPDFs/P50610102400310282323201100001031000011905165683777.pdf,0.00,0.00,ashirzuhaib2@gmail.com,3102823232,NIMBU LAND HOLDING LIMITADA,deemsenterprise@gmail.com,NIMBU LAND HOLDING LIMITADA,3102823232,aceptado,0.00,0.0000,0.0000,0.0000,0.0000,0.0000,0.0000,0.0000,0.0000,0.0000,CREDITO,1,3,1302,2,58
221,50611102400310282323201100001031000011906180680062,,2024-10-11 06:54:59.170384,CRC,1.00,/home/cybergeek2/IdeaProjects/PamiFactura-SpringBoot/NotaCreditoHaciendaResponseXMLs/H01100001011000011883.xml,2024-10-11 06:54:58.906000,,/home/cybergeek2/IdeaProjects/PamiFactura-SpringBoot/NotaCreditoOriginalXMLs/N01100001011000011883.xml,/home/cybergeek2/IdeaProjects/PamiFactura-SpringBoot/NotaPDFs/P50611102400310282323201100001031000011906180680062.pdf,0.00,0.00,ashirzuhaib2@gmail.com,3102823232,NIMBU LAND HOLDING LIMITADA,deemsenterprise@gmail.com,NIMBU LAND HOLDING LIMITADA,3102823232,aceptado,0.00,101.7000,0.0000,0.0000,90.0000,11.7000,0.0000,90.0000,90.0000,90.0000,CREDITO,1,3,1302,2,58
222,50611102400310282323201100001031000011907195087118,,2024-10-11 06:54:59.286079,CRC,1.00,/home/cybergeek2/IdeaProjects/PamiFactura-SpringBoot/NotaCreditoHaciendaResponseXMLs/H01100001011000011883.xml,2024-10-11 06:54:59.115000,,/home/cybergeek2/IdeaProjects/PamiFactura-SpringBoot/NotaCreditoOriginalXMLs/N01100001011000011883.xml,/home/cybergeek2/IdeaProjects/PamiFactura-SpringBoot/NotaPDFs/P50611102400310282323201100001031000011907195087118.pdf,0.00,0.00,ashirzuhaib2@gmail.com,3102823232,NIMBU LAND HOLDING LIMITADA,deemsenterprise@gmail.com,NIMBU LAND HOLDING LIMITADA,3102823232,aceptado,0.00,101.7000,0.0000,0.0000,90.0000,11.7000,0.0000,90.0000,90.0000,90.0000,CREDITO,1,3,1302,2,58
223,50611102400310282323201100001031000011908119798214,,2024-10-11 06:56:05.187681,CRC,1.00,/home/cybergeek2/IdeaProjects/PamiFactura-SpringBoot/NotaCreditoHaciendaResponseXMLs/H01100001011000011883.xml,2024-10-11 06:56:05.023000,,/home/cybergeek2/IdeaProjects/PamiFactura-SpringBoot/NotaCreditoOriginalXMLs/N01100001011000011883.xml,/home/cybergeek2/IdeaProjects/PamiFactura-SpringBoot/NotaPDFs/P50611102400310282323201100001031000011908119798214.pdf,0.00,0.00,ashirzuhaib2@gmail.com,3102823232,NIMBU LAND HOLDING LIMITADA,deemsenterprise@gmail.com,NIMBU LAND HOLDING LIMITADA,3102823232,aceptado,0.00,101.7000,0.0000,0.0000,90.0000,11.7000,0.0000,90.0000,90.0000,90.0000,CREDITO,1,3,1302,2,58
224,50611102400310282323201100001031000011909142989651,,2024-10-11 07:26:48.363431,CRC,1.00,/home/cybergeek2/IdeaProjects/PamiFactura-SpringBoot/NotaCreditoHaciendaResponseXMLs/H01100001011000011883.xml,2024-10-11 07:26:48.256000,,/home/cybergeek2/IdeaProjects/PamiFactura-SpringBoot/NotaCreditoOriginalXMLs/N01100001011000011883.xml,/home/cybergeek2/IdeaProjects/PamiFactura-SpringBoot/NotaPDFs/P50611102400310282323201100001031000011909142989651.pdf,0.00,0.00,ashirzuhaib2@gmail.com,3102823232,NIMBU LAND HOLDING LIMITADA,deemsenterprise@gmail.com,NIMBU LAND HOLDING LIMITADA,3102823232,aceptado,0.00,100.5700,0.0000,0.0000,89.0000,11.5700,0.0000,89.0000,89.0000,89.0000,CREDITO,1,3,1302,2,58
225,50611102400310282323201100001031000011910130317699,,2024-10-11 07:29:19.051001,CRC,1.00,/home/cybergeek2/IdeaProjects/PamiFactura-SpringBoot/NotaCreditoHaciendaResponseXMLs/H01100001011000011883.xml,2024-10-11 07:29:18.923000,,/home/cybergeek2/IdeaProjects/PamiFactura-SpringBoot/NotaCreditoOriginalXMLs/N01100001011000011883.xml,/home/cybergeek2/IdeaProjects/PamiFactura-SpringBoot/NotaPDFs/P50611102400310282323201100001031000011910130317699.pdf,0.00,0.00,ashirzuhaib2@gmail.com,3102823232,NIMBU LAND HOLDING LIMITADA,deemsenterprise@gmail.com,NIMBU LAND HOLDING LIMITADA,3102823232,aceptado,0.00,101.7000,0.0000,0.0000,90.0000,11.7000,0.0000,90.0000,90.0000,90.0000,CREDITO,1,3,1302,2,58
226,50611102400310282323201100001031000011911113040486,,2024-10-11 07:33:26.605643,CRC,1.00,/home/cybergeek2/IdeaProjects/PamiFactura-SpringBoot/NotaCreditoHaciendaResponseXMLs/H01100001011000011883.xml,2024-10-11 07:33:26.506000,,/home/cybergeek2/IdeaProjects/PamiFactura-SpringBoot/NotaCreditoOriginalXMLs/N01100001011000011883.xml,/home/cybergeek2/IdeaProjects/PamiFactura-SpringBoot/NotaPDFs/P50611102400310282323201100001031000011911113040486.pdf,0.00,0.00,ashirzuhaib2@gmail.com,3102823232,NIMBU LAND HOLDING LIMITADA,deemsenterprise@gmail.com,NIMBU LAND HOLDING LIMITADA,3102823232,aceptado,0.00,100.5700,0.0000,0.0000,89.0000,11.5700,0.0000,89.0000,89.0000,89.0000,CREDITO,1,3,1302,2,58
227,50611102400310282323201100001031000011912199272529,,2024-10-11 07:34:43.541866,CRC,1.00,/home/cybergeek2/IdeaProjects/PamiFactura-SpringBoot/NotaCreditoHaciendaResponseXMLs/H01100001011000011883.xml,2024-10-11 07:34:43.428000,,/home/cybergeek2/IdeaProjects/PamiFactura-SpringBoot/NotaCreditoOriginalXMLs/N01100001011000011883.xml,/home/cybergeek2/IdeaProjects/PamiFactura-SpringBoot/NotaPDFs/P50611102400310282323201100001031000011912199272529.pdf,0.00,0.00,ashirzuhaib2@gmail.com,3102823232,NIMBU LAND HOLDING LIMITADA,deemsenterprise@gmail.com,NIMBU LAND HOLDING LIMITADA,3102823232,aceptado,0.00,101.7000,0.0000,0.0000,90.0000,11.7000,0.0000,90.0000,90.0000,90.0000,CREDITO,1,3,1302,2,58
228,50611102400310282323201100001031000011913111746601,,2024-10-11 07:34:51.271838,CRC,1.00,/home/cybergeek2/IdeaProjects/PamiFactura-SpringBoot/NotaCreditoHaciendaResponseXMLs/H01100001011000011883.xml,2024-10-11 07:34:51.159000,,/home/cybergeek2/IdeaProjects/PamiFactura-SpringBoot/NotaCreditoOriginalXMLs/N01100001011000011883.xml,/home/cybergeek2/IdeaProjects/PamiFactura-SpringBoot/NotaPDFs/P50611102400310282323201100001031000011913111746601.pdf,0.00,0.00,ashirzuhaib2@gmail.com,3102823232,NIMBU LAND HOLDING LIMITADA,deemsenterprise@gmail.com,NIMBU LAND HOLDING LIMITADA,3102823232,aceptado,0.00,101.7000,0.0000,0.0000,90.0000,11.7000,0.0000,90.0000,90.0000,90.0000,CREDITO,1,3,1302,2,58
229,50611102400310282323201100001031000011914175537686,,2024-10-11 07:36:01.730678,CRC,1.00,/home/cybergeek2/IdeaProjects/PamiFactura-SpringBoot/NotaCreditoHaciendaResponseXMLs/H01100001011000011883.xml,2024-10-11 07:36:01.622000,,/home/cybergeek2/IdeaProjects/PamiFactura-SpringBoot/NotaCreditoOriginalXMLs/N01100001011000011883.xml,/home/cybergeek2/IdeaProjects/PamiFactura-SpringBoot/NotaPDFs/P50611102400310282323201100001031000011914175537686.pdf,0.00,0.00,ashirzuhaib2@gmail.com,3102823232,NIMBU LAND HOLDING LIMITADA,deemsenterprise@gmail.com,NIMBU LAND HOLDING LIMITADA,3102823232,aceptado,0.00,1017.0000,0.0000,0.0000,900.0000,117.0000,0.0000,900.0000,900.0000,900.0000,CREDITO,1,3,1302,2,58
230,50611102400310282323201100001031000011915175788677,,2024-10-11 07:45:44.849802,CRC,1.00,/home/cybergeek2/IdeaProjects/PamiFactura-SpringBoot/NotaCreditoHaciendaResponseXMLs/H01100001011000011883.xml,2024-10-11 07:45:44.755000,,/home/cybergeek2/IdeaProjects/PamiFactura-SpringBoot/NotaCreditoOriginalXMLs/N01100001011000011883.xml,/home/cybergeek2/IdeaProjects/PamiFactura-SpringBoot/NotaPDFs/P50611102400310282323201100001031000011915175788677.pdf,0.00,0.00,ashirzuhaib2@gmail.com,3102823232,NIMBU LAND HOLDING LIMITADA,deemsenterprise@gmail.com,NIMBU LAND HOLDING LIMITADA,3102823232,aceptado,0.00,98.3100,0.0000,0.0000,87.0000,11.3100,0.0000,87.0000,87.0000,87.0000,CREDITO,1,3,1302,2,58
231,50611102400310282323201100001031000011916111920686,,2024-10-11 07:51:02.596504,CRC,1.00,/home/cybergeek2/IdeaProjects/PamiFactura-SpringBoot/NotaCreditoHaciendaResponseXMLs/H01100001011000011883.xml,2024-10-11 07:51:02.468000,,/home/cybergeek2/IdeaProjects/PamiFactura-SpringBoot/NotaCreditoOriginalXMLs/N01100001011000011883.xml,/home/cybergeek2/IdeaProjects/PamiFactura-SpringBoot/NotaPDFs/P50611102400310282323201100001031000011916111920686.pdf,0.00,0.00,ashirzuhaib2@gmail.com,3102823232,NIMBU LAND HOLDING LIMITADA,deemsenterprise@gmail.com,NIMBU LAND HOLDING LIMITADA,3102823232,aceptado,0.00,100.5700,0.0000,0.0000,89.0000,11.5700,0.0000,89.0000,89.0000,89.0000,CREDITO,1,3,1302,2,58
232,50611102400310282323201100001031000011917144866101,,2024-10-11 08:24:36.255780,CRC,1.00,/home/cybergeek2/IdeaProjects/PamiFactura-SpringBoot/NotaCreditoHaciendaResponseXMLs/H01100001011000011883.xml,2024-10-11 08:24:36.161000,,/home/cybergeek2/IdeaProjects/PamiFactura-SpringBoot/NotaCreditoOriginalXMLs/N01100001011000011883.xml,/home/cybergeek2/IdeaProjects/PamiFactura-SpringBoot/NotaPDFs/P50611102400310282323201100001031000011917144866101.pdf,0.00,0.00,ashirzuhaib2@gmail.com,3102823232,NIMBU LAND HOLDING LIMITADA,deemsenterprise@gmail.com,NIMBU LAND HOLDING LIMITADA,3102823232,aceptado,0.00,100.5700,0.0000,0.0000,89.0000,11.5700,0.0000,89.0000,89.0000,89.0000,CREDITO,1,3,1302,2,58
233,50611102400310282323201100001031000011918119173505,,2024-10-11 08:28:10.604163,CRC,1.00,/home/cybergeek2/IdeaProjects/PamiFactura-SpringBoot/NotaCreditoHaciendaResponseXMLs/H01100001011000011883.xml,2024-10-11 08:28:10.508000,,/home/cybergeek2/IdeaProjects/PamiFactura-SpringBoot/NotaCreditoOriginalXMLs/N01100001011000011883.xml,/home/cybergeek2/IdeaProjects/PamiFactura-SpringBoot/NotaPDFs/P50611102400310282323201100001031000011918119173505.pdf,0.00,0.00,ashirzuhaib2@gmail.com,3102823232,NIMBU LAND HOLDING LIMITADA,deemsenterprise@gmail.com,NIMBU LAND HOLDING LIMITADA,3102823232,aceptado,0.00,101.7000,0.0000,0.0000,90.0000,11.7000,0.0000,90.0000,90.0000,90.0000,CREDITO,1,3,1302,2,58
234,50611102400310282323201100001031000011919128405773,,2024-10-11 08:28:16.771418,CRC,1.00,/home/cybergeek2/IdeaProjects/PamiFactura-SpringBoot/NotaCreditoHaciendaResponseXMLs/H01100001011000011883.xml,2024-10-11 08:28:16.671000,,/home/cybergeek2/IdeaProjects/PamiFactura-SpringBoot/NotaCreditoOriginalXMLs/N01100001011000011883.xml,/home/cybergeek2/IdeaProjects/PamiFactura-SpringBoot/NotaPDFs/P50611102400310282323201100001031000011919128405773.pdf,0.00,0.00,ashirzuhaib2@gmail.com,3102823232,NIMBU LAND HOLDING LIMITADA,deemsenterprise@gmail.com,NIMBU LAND HOLDING LIMITADA,3102823232,aceptado,0.00,101.7000,0.0000,0.0000,90.0000,11.7000,0.0000,90.0000,90.0000,90.0000,CREDITO,1,3,1302,2,58
235,50611102400310282323201100001031000011920172967106,,2024-10-11 08:32:34.537205,CRC,1.00,/home/cybergeek2/IdeaProjects/PamiFactura-SpringBoot/NotaCreditoHaciendaResponseXMLs/H01100001011000011883.xml,2024-10-11 08:32:34.461000,,/home/cybergeek2/IdeaProjects/PamiFactura-SpringBoot/NotaCreditoOriginalXMLs/N01100001011000011883.xml,/home/cybergeek2/IdeaProjects/PamiFactura-SpringBoot/NotaPDFs/P50611102400310282323201100001031000011920172967106.pdf,0.00,0.00,ashirzuhaib2@gmail.com,3102823232,NIMBU LAND HOLDING LIMITADA,deemsenterprise@gmail.com,NIMBU LAND HOLDING LIMITADA,3102823232,aceptado,0.00,100.5700,0.0000,0.0000,89.0000,11.5700,0.0000,89.0000,89.0000,89.0000,CREDITO,1,3,1302,2,58
236,50611102400310282323201100001031000011921197194518,,2024-10-11 08:34:53.930023,CRC,1.00,/home/cybergeek2/IdeaProjects/PamiFactura-SpringBoot/NotaCreditoHaciendaResponseXMLs/H01100001011000011883.xml,2024-10-11 08:34:53.839000,,/home/cybergeek2/IdeaProjects/PamiFactura-SpringBoot/NotaCreditoOriginalXMLs/N01100001011000011883.xml,/home/cybergeek2/IdeaProjects/PamiFactura-SpringBoot/NotaPDFs/P50611102400310282323201100001031000011921197194518.pdf,0.00,0.00,ashirzuhaib2@gmail.com,3102823232,NIMBU LAND HOLDING LIMITADA,deemsenterprise@gmail.com,NIMBU LAND HOLDING LIMITADA,3102823232,aceptado,0.00,100.5700,0.0000,0.0000,89.0000,11.5700,0.0000,89.0000,89.0000,89.0000,CREDITO,1,3,1302,2,58
237,50611102400310282323201100001031000011922165975990,,2024-10-11 08:38:43.769912,CRC,1.00,/home/cybergeek2/IdeaProjects/PamiFactura-SpringBoot/NotaCreditoHaciendaResponseXMLs/H01100001011000011883.xml,2024-10-11 08:38:43.692000,,/home/cybergeek2/IdeaProjects/PamiFactura-SpringBoot/NotaCreditoOriginalXMLs/N01100001011000011883.xml,/home/cybergeek2/IdeaProjects/PamiFactura-SpringBoot/NotaPDFs/P50611102400310282323201100001031000011922165975990.pdf,0.00,0.00,ashirzuhaib2@gmail.com,3102823232,NIMBU LAND HOLDING LIMITADA,deemsenterprise@gmail.com,NIMBU LAND HOLDING LIMITADA,3102823232,aceptado,0.00,1088.1900,0.0000,0.0000,963.0000,125.1900,0.0000,963.0000,963.0000,963.0000,CREDITO,1,3,1302,2,58
238,50611102400310282323201100001031000011923147105743,,2024-10-11 08:42:35.480849,CRC,1.00,/home/cybergeek2/IdeaProjects/PamiFactura-SpringBoot/NotaCreditoHaciendaResponseXMLs/H01100001011000011883.xml,2024-10-11 08:42:35.392000,,/home/cybergeek2/IdeaProjects/PamiFactura-SpringBoot/NotaCreditoOriginalXMLs/N01100001011000011883.xml,/home/cybergeek2/IdeaProjects/PamiFactura-SpringBoot/NotaPDFs/P50611102400310282323201100001031000011923147105743.pdf,0.00,0.00,ashirzuhaib2@gmail.com,3102823232,NIMBU LAND HOLDING LIMITADA,deemsenterprise@gmail.com,NIMBU LAND HOLDING LIMITADA,3102823232,aceptado,0.00,101.7000,0.0000,0.0000,90.0000,11.7000,0.0000,90.0000,90.0000,90.0000,CREDITO,1,3,1302,2,58
239,50611102400310282323201100001031000011924160133741,,2024-10-11 08:46:36.121816,CRC,1.00,/home/cybergeek2/IdeaProjects/PamiFactura-SpringBoot/NotaCreditoHaciendaResponseXMLs/H01100001011000011883.xml,2024-10-11 08:46:36.043000,,/home/cybergeek2/IdeaProjects/PamiFactura-SpringBoot/NotaCreditoOriginalXMLs/N01100001011000011883.xml,/home/cybergeek2/IdeaProjects/PamiFactura-SpringBoot/NotaPDFs/P50611102400310282323201100001031000011924160133741.pdf,0.00,0.00,ashirzuhaib2@gmail.com,3102823232,NIMBU LAND HOLDING LIMITADA,deemsenterprise@gmail.com,NIMBU LAND HOLDING LIMITADA,3102823232,aceptado,0.00,101.7000,0.0000,0.0000,90.0000,11.7000,0.0000,90.0000,90.0000,90.0000,CREDITO,1,3,1302,2,58
240,50611102400310282323201100001031000011925184325099,,2024-10-11 08:47:20.283807,CRC,1.00,/home/cybergeek2/IdeaProjects/PamiFactura-SpringBoot/NotaCreditoHaciendaResponseXMLs/H01100001011000011883.xml,2024-10-11 08:47:20.202000,,/home/cybergeek2/IdeaProjects/PamiFactura-SpringBoot/NotaCreditoOriginalXMLs/N01100001011000011883.xml,/home/cybergeek2/IdeaProjects/PamiFactura-SpringBoot/NotaPDFs/P50611102400310282323201100001031000011925184325099.pdf,0.00,0.00,ashirzuhaib2@gmail.com,3102823232,NIMBU LAND HOLDING LIMITADA,deemsenterprise@gmail.com,NIMBU LAND HOLDING LIMITADA,3102823232,aceptado,0.00,101.7000,0.0000,0.0000,90.0000,11.7000,0.0000,90.0000,90.0000,90.0000,CREDITO,1,3,1302,2,58
241,50611102400310282323201100001031000011926182435420,,2024-10-11 09:06:16.151125,CRC,1.00,/home/cybergeek2/IdeaProjects/PamiFactura-SpringBoot/NotaCreditoHaciendaResponseXMLs/H01100001011000011883.xml,2024-10-11 09:06:16.074000,,/home/cybergeek2/IdeaProjects/PamiFactura-SpringBoot/NotaCreditoOriginalXMLs/N01100001011000011883.xml,/home/cybergeek2/IdeaProjects/PamiFactura-SpringBoot/NotaPDFs/P50611102400310282323201100001031000011926182435420.pdf,0.00,0.00,ashirzuhaib2@gmail.com,3102823232,NIMBU LAND HOLDING LIMITADA,deemsenterprise@gmail.com,NIMBU LAND HOLDING LIMITADA,3102823232,aceptado,0.00,100.5700,0.0000,0.0000,89.0000,11.5700,0.0000,89.0000,89.0000,89.0000,CREDITO,1,3,1302,2,58
242,50611102400310282323201100001031000011927137752367,,2024-10-11 09:09:08.561400,CRC,1.00,/home/cybergeek2/IdeaProjects/PamiFactura-SpringBoot/NotaCreditoHaciendaResponseXMLs/H01100001011000011883.xml,2024-10-11 09:09:08.478000,,/home/cybergeek2/IdeaProjects/PamiFactura-SpringBoot/NotaCreditoOriginalXMLs/N01100001011000011883.xml,/home/cybergeek2/IdeaProjects/PamiFactura-SpringBoot/NotaPDFs/P50611102400310282323201100001031000011927137752367.pdf,0.00,0.00,ashirzuhaib2@gmail.com,3102823232,NIMBU LAND HOLDING LIMITADA,deemsenterprise@gmail.com,NIMBU LAND HOLDING LIMITADA,3102823232,aceptado,0.00,100.5700,0.0000,0.0000,89.0000,11.5700,0.0000,89.0000,89.0000,89.0000,CREDITO,1,3,1302,2,58
252,50611102400310282323201100001031000011928129318270,,2024-10-11 10:05:59.881257,CRC,1.00,/home/cybergeek2/IdeaProjects/PamiFactura-SpringBoot/NotaCreditoHaciendaResponseXMLs/H01100001011000011883.xml,2024-10-11 10:05:58.634000,,/home/cybergeek2/IdeaProjects/PamiFactura-SpringBoot/NotaCreditoOriginalXMLs/N01100001011000011883.xml,/home/cybergeek2/IdeaProjects/PamiFactura-SpringBoot/NotaPDFs/P50611102400310282323201100001031000011928129318270.pdf,0.00,0.00,ashirzuhaib2@gmail.com,3102823232,NIMBU LAND HOLDING LIMITADA,deemsenterprise@gmail.com,NIMBU LAND HOLDING LIMITADA,3102823232,aceptado,0.00,36.1600,0.0000,0.0000,32.0000,4.1600,0.0000,32.0000,32.0000,32.0000,CREDITO,1,3,1302,2,58
253,50611102400310282323201100001031000011929119123319,,2024-10-11 10:06:14.873709,CRC,1.00,/home/cybergeek2/IdeaProjects/PamiFactura-SpringBoot/NotaCreditoHaciendaResponseXMLs/H01100001011000011883.xml,2024-10-11 10:06:14.733000,,/home/cybergeek2/IdeaProjects/PamiFactura-SpringBoot/NotaCreditoOriginalXMLs/N01100001011000011883.xml,/home/cybergeek2/IdeaProjects/PamiFactura-SpringBoot/NotaPDFs/P50611102400310282323201100001031000011929119123319.pdf,0.00,0.00,ashirzuhaib2@gmail.com,3102823232,NIMBU LAND HOLDING LIMITADA,deemsenterprise@gmail.com,NIMBU LAND HOLDING LIMITADA,3102823232,aceptado,0.00,36.1600,0.0000,0.0000,32.0000,4.1600,0.0000,32.0000,32.0000,32.0000,CREDITO,1,3,1302,2,58
254,50611102400310282323201100001031000011930113436898,,2024-10-11 10:10:33.397335,CRC,1.00,/home/cybergeek2/IdeaProjects/PamiFactura-SpringBoot/NotaCreditoHaciendaResponseXMLs/H01100001011000011883.xml,2024-10-11 10:10:33.277000,,/home/cybergeek2/IdeaProjects/PamiFactura-SpringBoot/NotaCreditoOriginalXMLs/N01100001011000011883.xml,/home/cybergeek2/IdeaProjects/PamiFactura-SpringBoot/NotaPDFs/P50611102400310282323201100001031000011930113436898.pdf,0.00,0.00,ashirzuhaib2@gmail.com,3102823232,NIMBU LAND HOLDING LIMITADA,deemsenterprise@gmail.com,NIMBU LAND HOLDING LIMITADA,3102823232,rechazado,0.00,-11.3000,0.0000,0.0000,-10.0000,-1.3000,0.0000,-10.0000,-10.0000,-10.0000,CREDITO,1,3,1302,2,58
255,50611102400310282323201100001031000011931199599279,,2024-10-11 10:13:29.492023,CRC,1.00,/home/cybergeek2/IdeaProjects/PamiFactura-SpringBoot/NotaCreditoHaciendaResponseXMLs/H01100001011000011883.xml,2024-10-11 10:13:29.340000,,/home/cybergeek2/IdeaProjects/PamiFactura-SpringBoot/NotaCreditoOriginalXMLs/N01100001011000011883.xml,/home/cybergeek2/IdeaProjects/PamiFactura-SpringBoot/NotaPDFs/P50611102400310282323201100001031000011931199599279.pdf,0.00,0.00,ashirzuhaib2@gmail.com,3102823232,NIMBU LAND HOLDING LIMITADA,deemsenterprise@gmail.com,NIMBU LAND HOLDING LIMITADA,3102823232,aceptado,0.00,36.1600,0.0000,0.0000,32.0000,4.1600,0.0000,32.0000,32.0000,32.0000,CREDITO,1,3,1302,2,58
256,50611102400310282323201100001031000011932141185774,,2024-10-11 10:16:51.859171,CRC,1.00,/home/cybergeek2/IdeaProjects/PamiFactura-SpringBoot/NotaCreditoHaciendaResponseXMLs/H01100001011000011883.xml,2024-10-11 10:16:51.749000,,/home/cybergeek2/IdeaProjects/PamiFactura-SpringBoot/NotaCreditoOriginalXMLs/N01100001011000011883.xml,/home/cybergeek2/IdeaProjects/PamiFactura-SpringBoot/NotaPDFs/P50611102400310282323201100001031000011932141185774.pdf,0.00,0.00,ashirzuhaib2@gmail.com,3102823232,NIMBU LAND HOLDING LIMITADA,deemsenterprise@gmail.com,NIMBU LAND HOLDING LIMITADA,3102823232,rechazado,0.00,-203.4000,0.0000,0.0000,-180.0000,-23.4000,0.0000,-180.0000,-180.0000,-180.0000,CREDITO,1,3,1302,2,58
257,50611102400310282323201100001031000011933151685223,,2024-10-11 10:20:03.969040,CRC,1.00,/home/cybergeek2/IdeaProjects/PamiFactura-SpringBoot/NotaCreditoHaciendaResponseXMLs/H01100001011000011883.xml,2024-10-11 10:20:03.855000,,/home/cybergeek2/IdeaProjects/PamiFactura-SpringBoot/NotaCreditoOriginalXMLs/N01100001011000011883.xml,/home/cybergeek2/IdeaProjects/PamiFactura-SpringBoot/NotaPDFs/P50611102400310282323201100001031000011933151685223.pdf,0.00,0.00,ashirzuhaib2@gmail.com,3102823232,NIMBU LAND HOLDING LIMITADA,deemsenterprise@gmail.com,NIMBU LAND HOLDING LIMITADA,3102823232,aceptado,0.00,100.5700,0.0000,0.0000,89.0000,11.5700,0.0000,89.0000,89.0000,89.0000,CREDITO,1,3,1302,2,58
258,50611102400310282323201100001031000011934175904794,,2024-10-11 11:18:49.283881,CRC,1.00,/home/cybergeek2/IdeaProjects/PamiFactura-SpringBoot/NotaCreditoHaciendaResponseXMLs/H01100001011000011883.xml,2024-10-11 11:18:49.174000,,/home/cybergeek2/IdeaProjects/PamiFactura-SpringBoot/NotaCreditoOriginalXMLs/N01100001011000011883.xml,/home/cybergeek2/IdeaProjects/PamiFactura-SpringBoot/NotaPDFs/P50611102400310282323201100001031000011934175904794.pdf,0.00,0.00,ashirzuhaib2@gmail.com,3102823232,NIMBU LAND HOLDING LIMITADA,deemsenterprise@gmail.com,NIMBU LAND HOLDING LIMITADA,3102823232,aceptado,0.00,99.4400,0.0000,0.0000,88.0000,11.4400,0.0000,88.0000,88.0000,88.0000,CREDITO,1,3,1302,2,58
259,50611102400310282323201100001031000011935157448922,,2024-10-11 11:24:56.569387,CRC,1.00,/home/cybergeek2/IdeaProjects/PamiFactura-SpringBoot/NotaCreditoHaciendaResponseXMLs/H01100001011000011883.xml,2024-10-11 11:24:56.452000,,/home/cybergeek2/IdeaProjects/PamiFactura-SpringBoot/NotaCreditoOriginalXMLs/N01100001011000011883.xml,/home/cybergeek2/IdeaProjects/PamiFactura-SpringBoot/NotaPDFs/P50611102400310282323201100001031000011935157448922.pdf,0.00,0.00,ashirzuhaib2@gmail.com,3102823232,NIMBU LAND HOLDING LIMITADA,deemsenterprise@gmail.com,NIMBU LAND HOLDING LIMITADA,3102823232,aceptado,0.00,88.1400,0.0000,0.0000,78.0000,10.1400,0.0000,78.0000,78.0000,78.0000,CREDITO,1,3,1302,2,58
260,50611102400310282323201100001031000011936120553947,,2024-10-11 11:26:34.672842,CRC,1.00,/home/cybergeek2/IdeaProjects/PamiFactura-SpringBoot/NotaCreditoHaciendaResponseXMLs/H01100001011000011883.xml,2024-10-11 11:26:34.563000,,/home/cybergeek2/IdeaProjects/PamiFactura-SpringBoot/NotaCreditoOriginalXMLs/N01100001011000011883.xml,/home/cybergeek2/IdeaProjects/PamiFactura-SpringBoot/NotaPDFs/P50611102400310282323201100001031000011936120553947.pdf,0.00,0.00,ashirzuhaib2@gmail.com,3102823232,NIMBU LAND HOLDING LIMITADA,deemsenterprise@gmail.com,NIMBU LAND HOLDING LIMITADA,3102823232,aceptado,0.00,36.1600,0.0000,0.0000,32.0000,4.1600,0.0000,32.0000,32.0000,32.0000,CREDITO,1,3,1302,2,58
261,50611102400310282323201100001031000011937110563558,,2024-10-11 11:27:57.465858,CRC,1.00,/home/cybergeek2/IdeaProjects/PamiFactura-SpringBoot/NotaCreditoHaciendaResponseXMLs/H01100001011000011883.xml,2024-10-11 11:27:57.339000,,/home/cybergeek2/IdeaProjects/PamiFactura-SpringBoot/NotaCreditoOriginalXMLs/N01100001011000011883.xml,/home/cybergeek2/IdeaProjects/PamiFactura-SpringBoot/NotaPDFs/P50611102400310282323201100001031000011937110563558.pdf,0.00,0.00,ashirzuhaib2@gmail.com,3102823232,NIMBU LAND HOLDING LIMITADA,deemsenterprise@gmail.com,NIMBU LAND HOLDING LIMITADA,3102823232,aceptado,0.00,88.1400,0.0000,0.0000,78.0000,10.1400,0.0000,78.0000,78.0000,78.0000,CREDITO,1,3,1302,2,58
262,50611102400310282323201100001031000011938118031753,,2024-10-11 11:29:47.757202,CRC,1.00,/home/cybergeek2/IdeaProjects/PamiFactura-SpringBoot/NotaCreditoHaciendaResponseXMLs/H01100001011000011883.xml,2024-10-11 11:29:47.645000,,/home/cybergeek2/IdeaProjects/PamiFactura-SpringBoot/NotaCreditoOriginalXMLs/N01100001011000011883.xml,/home/cybergeek2/IdeaProjects/PamiFactura-SpringBoot/NotaPDFs/P50611102400310282323201100001031000011938118031753.pdf,0.00,0.00,ashirzuhaib2@gmail.com,3102823232,NIMBU LAND HOLDING LIMITADA,deemsenterprise@gmail.com,NIMBU LAND HOLDING LIMITADA,3102823232,aceptado,0.00,88.1400,0.0000,0.0000,78.0000,10.1400,0.0000,78.0000,78.0000,78.0000,CREDITO,1,3,1302,2,58
263,50611102400310282323201100001031000011939117937852,,2024-10-11 11:31:32.619903,CRC,1.00,/home/cybergeek2/IdeaProjects/PamiFactura-SpringBoot/NotaCreditoHaciendaResponseXMLs/H01100001011000011883.xml,2024-10-11 11:31:32.517000,,/home/cybergeek2/IdeaProjects/PamiFactura-SpringBoot/NotaCreditoOriginalXMLs/N01100001011000011883.xml,/home/cybergeek2/IdeaProjects/PamiFactura-SpringBoot/NotaPDFs/P50611102400310282323201100001031000011939117937852.pdf,0.00,0.00,ashirzuhaib2@gmail.com,3102823232,NIMBU LAND HOLDING LIMITADA,deemsenterprise@gmail.com,NIMBU LAND HOLDING LIMITADA,3102823232,aceptado,0.00,88.1400,0.0000,0.0000,78.0000,10.1400,0.0000,78.0000,78.0000,78.0000,CREDITO,1,3,1302,2,58
264,50611102400310282323201100001031000011940171441569,,2024-10-11 11:34:56.038006,CRC,1.00,/home/cybergeek2/IdeaProjects/PamiFactura-SpringBoot/NotaCreditoHaciendaResponseXMLs/H01100001011000011883.xml,2024-10-11 11:34:55.946000,,/home/cybergeek2/IdeaProjects/PamiFactura-SpringBoot/NotaCreditoOriginalXMLs/N01100001011000011883.xml,/home/cybergeek2/IdeaProjects/PamiFactura-SpringBoot/NotaPDFs/P50611102400310282323201100001031000011940171441569.pdf,0.00,0.00,ashirzuhaib2@gmail.com,3102823232,NIMBU LAND HOLDING LIMITADA,deemsenterprise@gmail.com,NIMBU LAND HOLDING LIMITADA,3102823232,aceptado,0.00,16.9500,0.0000,0.0000,15.0000,1.9500,0.0000,15.0000,15.0000,15.0000,CREDITO,1,3,1302,2,58
265,50611102400310282323201100001031000011941114040364,,2024-10-11 11:39:09.741837,CRC,1.00,/home/cybergeek2/IdeaProjects/PamiFactura-SpringBoot/NotaCreditoHaciendaResponseXMLs/H01100001011000011883.xml,2024-10-11 11:39:09.630000,,/home/cybergeek2/IdeaProjects/PamiFactura-SpringBoot/NotaCreditoOriginalXMLs/N01100001011000011883.xml,/home/cybergeek2/IdeaProjects/PamiFactura-SpringBoot/NotaPDFs/P50611102400310282323201100001031000011941114040364.pdf,0.00,0.00,ashirzuhaib2@gmail.com,3102823232,NIMBU LAND HOLDING LIMITADA,deemsenterprise@gmail.com,NIMBU LAND HOLDING LIMITADA,3102823232,aceptado,0.00,23.7300,0.0000,0.0000,21.0000,2.7300,0.0000,21.0000,21.0000,21.0000,CREDITO,1,3,1302,2,58
266,50611102400310282323201100001031000011942176087140,,2024-10-11 11:40:45.909228,CRC,1.00,/home/cybergeek2/IdeaProjects/PamiFactura-SpringBoot/NotaCreditoHaciendaResponseXMLs/H01100001011000011883.xml,2024-10-11 11:40:45.810000,,/home/cybergeek2/IdeaProjects/PamiFactura-SpringBoot/NotaCreditoOriginalXMLs/N01100001011000011883.xml,/home/cybergeek2/IdeaProjects/PamiFactura-SpringBoot/NotaPDFs/P50611102400310282323201100001031000011942176087140.pdf,0.00,0.00,ashirzuhaib2@gmail.com,3102823232,NIMBU LAND HOLDING LIMITADA,deemsenterprise@gmail.com,NIMBU LAND HOLDING LIMITADA,3102823232,aceptado,0.00,88.1400,0.0000,0.0000,78.0000,10.1400,0.0000,78.0000,78.0000,78.0000,CREDITO,1,3,1302,2,58
267,50611102400310282323201100001031000011943199674774,,2024-10-11 12:52:38.161530,CRC,1.00,/home/cybergeek2/IdeaProjects/PamiFactura-SpringBoot/NotaCreditoHaciendaResponseXMLs/H01100001011000011883.xml,2024-10-11 12:52:37.963000,,/home/cybergeek2/IdeaProjects/PamiFactura-SpringBoot/NotaCreditoOriginalXMLs/N01100001011000011883.xml,/home/cybergeek2/IdeaProjects/PamiFactura-SpringBoot/NotaPDFs/P50611102400310282323201100001031000011943199674774.pdf,0.00,0.00,ashirzuhaib2@gmail.com,3102823232,NIMBU LAND HOLDING LIMITADA,deemsenterprise@gmail.com,NIMBU LAND HOLDING LIMITADA,3102823232,aceptado,0.00,101.7000,0.0000,0.0000,90.0000,11.7000,0.0000,90.0000,90.0000,90.0000,CREDITO,1,3,1302,2,58
268,50611102400310282323201100001031000011944165013594,,2024-10-11 12:54:24.371942,CRC,1.00,/home/cybergeek2/IdeaProjects/PamiFactura-SpringBoot/NotaCreditoHaciendaResponseXMLs/H01100001011000011880.xml,2024-10-11 12:54:24.204000,,/home/cybergeek2/IdeaProjects/PamiFactura-SpringBoot/NotaCreditoOriginalXMLs/N01100001011000011880.xml,/home/cybergeek2/IdeaProjects/PamiFactura-SpringBoot/NotaPDFs/P50611102400310282323201100001031000011944165013594.pdf,0.00,0.00,ashirzuhaib2@gmail.com,3102823232,NIMBU LAND HOLDING LIMITADA,deemsenterprise@gmail.com,NIMBU LAND HOLDING LIMITADA,3102823232,aceptado,0.00,101.7000,0.0000,0.0000,90.0000,11.7000,0.0000,90.0000,90.0000,90.0000,CREDITO,1,4,1253,3,58
269,50611102400310282323201100001031000011945135568201,,2024-10-11 12:57:53.637626,CRC,1.00,/home/cybergeek2/IdeaProjects/PamiFactura-SpringBoot/NotaCreditoHaciendaResponseXMLs/H01100001011000011883.xml,2024-10-11 12:57:53.512000,,/home/cybergeek2/IdeaProjects/PamiFactura-SpringBoot/NotaCreditoOriginalXMLs/N01100001011000011883.xml,/home/cybergeek2/IdeaProjects/PamiFactura-SpringBoot/NotaPDFs/P50611102400310282323201100001031000011945135568201.pdf,0.00,0.00,ashirzuhaib2@gmail.com,3102823232,NIMBU LAND HOLDING LIMITADA,deemsenterprise@gmail.com,NIMBU LAND HOLDING LIMITADA,3102823232,rechazado,0.00,-2579.7900,0.0000,0.0000,-2283.0000,-296.7900,0.0000,-2283.0000,-2283.0000,-2283.0000,CREDITO,1,3,1302,2,58
270,50611102400310282323201100001031000011946126321259,,2024-10-11 13:00:58.335834,CRC,1.00,/home/cybergeek2/IdeaProjects/PamiFactura-SpringBoot/NotaCreditoHaciendaResponseXMLs/H01100001011000011883.xml,2024-10-11 13:00:58.209000,,/home/cybergeek2/IdeaProjects/PamiFactura-SpringBoot/NotaCreditoOriginalXMLs/N01100001011000011883.xml,/home/cybergeek2/IdeaProjects/PamiFactura-SpringBoot/NotaPDFs/P50611102400310282323201100001031000011946126321259.pdf,0.00,0.00,ashirzuhaib2@gmail.com,3102823232,NIMBU LAND HOLDING LIMITADA,deemsenterprise@gmail.com,NIMBU LAND HOLDING LIMITADA,3102823232,aceptado,0.00,110.7400,0.0000,0.0000,98.0000,12.7400,0.0000,98.0000,98.0000,98.0000,CREDITO,1,3,1302,2,58
271,50611102400310282323201100001031000011947141312355,,2024-10-11 13:31:49.895202,CRC,1.00,/home/cybergeek2/IdeaProjects/PamiFactura-SpringBoot/NotaCreditoHaciendaResponseXMLs/H01100001011000011883.xml,2024-10-11 13:31:49.758000,,/home/cybergeek2/IdeaProjects/PamiFactura-SpringBoot/NotaCreditoOriginalXMLs/N01100001011000011883.xml,/home/cybergeek2/IdeaProjects/PamiFactura-SpringBoot/NotaPDFs/P50611102400310282323201100001031000011947141312355.pdf,0.00,0.00,ashirzuhaib2@gmail.com,3102823232,NIMBU LAND HOLDING LIMITADA,deemsenterprise@gmail.com,NIMBU LAND HOLDING LIMITADA,3102823232,aceptado,0.00,9.0400,0.0000,0.0000,8.0000,1.0400,0.0000,8.0000,8.0000,8.0000,CREDITO,1,3,1302,2,58
272,50611102400310282323201100001031000011948140567567,,2024-10-11 13:31:53.998161,CRC,1.00,/home/cybergeek2/IdeaProjects/PamiFactura-SpringBoot/NotaCreditoHaciendaResponseXMLs/H01100001011000011883.xml,2024-10-11 13:31:53.867000,,/home/cybergeek2/IdeaProjects/PamiFactura-SpringBoot/NotaCreditoOriginalXMLs/N01100001011000011883.xml,/home/cybergeek2/IdeaProjects/PamiFactura-SpringBoot/NotaPDFs/P50611102400310282323201100001031000011948140567567.pdf,0.00,0.00,ashirzuhaib2@gmail.com,3102823232,NIMBU LAND HOLDING LIMITADA,deemsenterprise@gmail.com,NIMBU LAND HOLDING LIMITADA,3102823232,aceptado,0.00,9.0400,0.0000,0.0000,8.0000,1.0400,0.0000,8.0000,8.0000,8.0000,CREDITO,1,3,1302,2,58
273,50611102400310282323201100001021000011949182629681,,2024-10-11 13:34:30.452717,CRC,1.00,/home/cybergeek2/IdeaProjects/PamiFactura-SpringBoot/NotaCreditoHaciendaResponseXMLs/H01100001011000011883.xml,2024-10-11 13:34:30.308000,,/home/cybergeek2/IdeaProjects/PamiFactura-SpringBoot/NotaCreditoOriginalXMLs/N01100001011000011883.xml,/home/cybergeek2/IdeaProjects/PamiFactura-SpringBoot/NotaPDFs/P50611102400310282323201100001021000011949182629681.pdf,0.00,0.00,ashirzuhaib2@gmail.com,3102823232,NIMBU LAND HOLDING LIMITADA,deemsenterprise@gmail.com,NIMBU LAND HOLDING LIMITADA,3102823232,aceptado,0.00,63.2800,0.0000,0.0000,56.0000,7.2800,0.0000,56.0000,56.0000,56.0000,DEBITO,1,3,1302,2,58
274,50611102400310282323201100001021000011950138305414,,2024-10-11 13:34:45.874779,CRC,1.00,/home/cybergeek2/IdeaProjects/PamiFactura-SpringBoot/NotaCreditoHaciendaResponseXMLs/H01100001011000011883.xml,2024-10-11 13:34:45.771000,,/home/cybergeek2/IdeaProjects/PamiFactura-SpringBoot/NotaCreditoOriginalXMLs/N01100001011000011883.xml,/home/cybergeek2/IdeaProjects/PamiFactura-SpringBoot/NotaPDFs/P50611102400310282323201100001021000011950138305414.pdf,0.00,0.00,ashirzuhaib2@gmail.com,3102823232,NIMBU LAND HOLDING LIMITADA,deemsenterprise@gmail.com,NIMBU LAND HOLDING LIMITADA,3102823232,aceptado,0.00,63.2800,0.0000,0.0000,56.0000,7.2800,0.0000,56.0000,56.0000,56.0000,DEBITO,1,3,1302,2,58
302,50614102400310282323201100001031000011953179672915,,2024-10-14 12:18:40.211816,CRC,1.00,/home/cybergeek2/IdeaProjects/PamiFactura-SpringBoot/NotaCreditoHaciendaResponseXMLs/H01100001011000011873.xml,2024-10-14 12:18:38.911000,,/home/cybergeek2/IdeaProjects/PamiFactura-SpringBoot/NotaCreditoOriginalXMLs/F01100001031000011953.xml,/home/cybergeek2/IdeaProjects/PamiFactura-SpringBoot/NotaPDFs/P50614102400310282323201100001031000011953179672915.pdf,0.00,0.00,ashirzuhaib2@gmail.com,3102823232,NIMBU LAND HOLDING LIMITADA,deemsenterprise@gmail.com,NIMBU LAND HOLDING LIMITADA,3102823232,aceptado,0.00,1230.5700,0.0000,0.0000,1089.0000,141.5700,0.0000,1089.0000,1089.0000,1089.0000,CREDITO,1,1,1155,1,58
303,50614102400310282323201100001031000011954124754908,,2024-10-14 12:21:52.380113,CRC,1.00,/home/cybergeek2/IdeaProjects/PamiFactura-SpringBoot/NotaCreditoHaciendaResponseXMLs/H01100001011000011883.xml,2024-10-14 12:21:52.257000,,/home/cybergeek2/IdeaProjects/PamiFactura-SpringBoot/NotaCreditoOriginalXMLs/N01100001011000011883.xml,/home/cybergeek2/IdeaProjects/PamiFactura-SpringBoot/NotaPDFs/P50614102400310282323201100001031000011954124754908.pdf,0.00,0.00,ashirzuhaib2@gmail.com,3102823232,NIMBU LAND HOLDING LIMITADA,deemsenterprise@gmail.com,NIMBU LAND HOLDING LIMITADA,3102823232,aceptado,0.00,1640.7600,0.0000,0.0000,1452.0000,188.7600,0.0000,1452.0000,1452.0000,1452.0000,CREDITO,1,3,1302,2,58
352,50615102400310282323201100001031000011956131473274,,2024-10-15 12:15:03.791217,CRC,1.00,/home/cybergeek2/IdeaProjects/PamiFactura-SpringBoot/NotaCreditoHaciendaResponseXMLs/H01100001011000011883.xml,2024-10-15 12:15:02.427000,,/home/cybergeek2/IdeaProjects/PamiFactura-SpringBoot/NotaCreditoOriginalXMLs/N01100001011000011883.xml,/home/cybergeek2/IdeaProjects/PamiFactura-SpringBoot/NotaPDFs/P50615102400310282323201100001031000011956131473274.pdf,0.00,0.00,ashirzuhaib2@gmail.com,3102823232,NIMBU LAND HOLDING LIMITADA,deemsenterprise@gmail.com,NIMBU LAND HOLDING LIMITADA,3102823232,aceptado,0.00,1107.4000,0.0000,0.0000,980.0000,127.4000,0.0000,980.0000,980.0000,980.0000,CREDITO,1,3,1302,2,58
353,50615102400310282323201100001031000011957132244802,,2024-10-15 12:15:08.180702,CRC,1.00,/home/cybergeek2/IdeaProjects/PamiFactura-SpringBoot/NotaCreditoHaciendaResponseXMLs/H01100001011000011883.xml,2024-10-15 12:15:08.030000,,/home/cybergeek2/IdeaProjects/PamiFactura-SpringBoot/NotaCreditoOriginalXMLs/N01100001011000011883.xml,/home/cybergeek2/IdeaProjects/PamiFactura-SpringBoot/NotaPDFs/P50615102400310282323201100001031000011957132244802.pdf,0.00,0.00,ashirzuhaib2@gmail.com,3102823232,NIMBU LAND HOLDING LIMITADA,deemsenterprise@gmail.com,NIMBU LAND HOLDING LIMITADA,3102823232,aceptado,0.00,1107.4000,0.0000,0.0000,980.0000,127.4000,0.0000,980.0000,980.0000,980.0000,CREDITO,1,3,1302,2,58
354,50615102400310282323201100001031000011958135111254,,2024-10-15 12:15:22.254722,CRC,1.00,/home/cybergeek2/IdeaProjects/PamiFactura-SpringBoot/NotaCreditoHaciendaResponseXMLs/H01100001011000011883.xml,2024-10-15 12:15:22.125000,,/home/cybergeek2/IdeaProjects/PamiFactura-SpringBoot/NotaCreditoOriginalXMLs/N01100001011000011883.xml,/home/cybergeek2/IdeaProjects/PamiFactura-SpringBoot/NotaPDFs/P50615102400310282323201100001031000011958135111254.pdf,0.00,0.00,ashirzuhaib2@gmail.com,3102823232,NIMBU LAND HOLDING LIMITADA,deemsenterprise@gmail.com,NIMBU LAND HOLDING LIMITADA,3102823232,aceptado,0.00,1107.4000,0.0000,0.0000,980.0000,127.4000,0.0000,980.0000,980.0000,980.0000,CREDITO,1,3,1302,2,58
355,50615102400310282323201100001031000011959199228495,,2024-10-15 12:15:23.508039,CRC,1.00,/home/cybergeek2/IdeaProjects/PamiFactura-SpringBoot/NotaCreditoHaciendaResponseXMLs/H01100001011000011883.xml,2024-10-15 12:15:23.370000,,/home/cybergeek2/IdeaProjects/PamiFactura-SpringBoot/NotaCreditoOriginalXMLs/N01100001011000011883.xml,/home/cybergeek2/IdeaProjects/PamiFactura-SpringBoot/NotaPDFs/P50615102400310282323201100001031000011959199228495.pdf,0.00,0.00,ashirzuhaib2@gmail.com,3102823232,NIMBU LAND HOLDING LIMITADA,deemsenterprise@gmail.com,NIMBU LAND HOLDING LIMITADA,3102823232,aceptado,0.00,1107.4000,0.0000,0.0000,980.0000,127.4000,0.0000,980.0000,980.0000,980.0000,CREDITO,1,3,1302,2,58
356,50615102400310282323201100001031000011960117648928,,2024-10-15 12:15:24.504676,CRC,1.00,/home/cybergeek2/IdeaProjects/PamiFactura-SpringBoot/NotaCreditoHaciendaResponseXMLs/H01100001011000011883.xml,2024-10-15 12:15:24.371000,,/home/cybergeek2/IdeaProjects/PamiFactura-SpringBoot/NotaCreditoOriginalXMLs/N01100001011000011883.xml,/home/cybergeek2/IdeaProjects/PamiFactura-SpringBoot/NotaPDFs/P50615102400310282323201100001031000011960117648928.pdf,0.00,0.00,ashirzuhaib2@gmail.com,3102823232,NIMBU LAND HOLDING LIMITADA,deemsenterprise@gmail.com,NIMBU LAND HOLDING LIMITADA,3102823232,aceptado,0.00,1107.4000,0.0000,0.0000,980.0000,127.4000,0.0000,980.0000,980.0000,980.0000,CREDITO,1,3,1302,2,58
357,50615102400310282323201100001031000011961140983488,,2024-10-15 12:15:25.875268,CRC,1.00,/home/cybergeek2/IdeaProjects/PamiFactura-SpringBoot/NotaCreditoHaciendaResponseXMLs/H01100001011000011883.xml,2024-10-15 12:15:25.737000,,/home/cybergeek2/IdeaProjects/PamiFactura-SpringBoot/NotaCreditoOriginalXMLs/N01100001011000011883.xml,/home/cybergeek2/IdeaProjects/PamiFactura-SpringBoot/NotaPDFs/P50615102400310282323201100001031000011961140983488.pdf,0.00,0.00,ashirzuhaib2@gmail.com,3102823232,NIMBU LAND HOLDING LIMITADA,deemsenterprise@gmail.com,NIMBU LAND HOLDING LIMITADA,3102823232,aceptado,0.00,1107.4000,0.0000,0.0000,980.0000,127.4000,0.0000,980.0000,980.0000,980.0000,CREDITO,1,3,1302,2,58
358,50615102400310282323201100001031000011962164046537,,2024-10-15 12:15:36.051777,CRC,1.00,/home/cybergeek2/IdeaProjects/PamiFactura-SpringBoot/NotaCreditoHaciendaResponseXMLs/H01100001011000011883.xml,2024-10-15 12:15:35.910000,,/home/cybergeek2/IdeaProjects/PamiFactura-SpringBoot/NotaCreditoOriginalXMLs/N01100001011000011883.xml,/home/cybergeek2/IdeaProjects/PamiFactura-SpringBoot/NotaPDFs/P50615102400310282323201100001031000011962164046537.pdf,0.00,0.00,ashirzuhaib2@gmail.com,3102823232,NIMBU LAND HOLDING LIMITADA,deemsenterprise@gmail.com,NIMBU LAND HOLDING LIMITADA,3102823232,aceptado,0.00,1107.4000,0.0000,0.0000,980.0000,127.4000,0.0000,980.0000,980.0000,980.0000,CREDITO,1,3,1302,2,58
359,50615102400310282323201100001031000011963159021952,,2024-10-15 12:15:36.095342,CRC,1.00,/home/cybergeek2/IdeaProjects/PamiFactura-SpringBoot/NotaCreditoHaciendaResponseXMLs/H01100001011000011883.xml,2024-10-15 12:15:35.953000,,/home/cybergeek2/IdeaProjects/PamiFactura-SpringBoot/NotaCreditoOriginalXMLs/N01100001011000011883.xml,/home/cybergeek2/IdeaProjects/PamiFactura-SpringBoot/NotaPDFs/P50615102400310282323201100001031000011963159021952.pdf,0.00,0.00,ashirzuhaib2@gmail.com,3102823232,NIMBU LAND HOLDING LIMITADA,deemsenterprise@gmail.com,NIMBU LAND HOLDING LIMITADA,3102823232,aceptado,0.00,1107.4000,0.0000,0.0000,980.0000,127.4000,0.0000,980.0000,980.0000,980.0000,CREDITO,1,3,1302,2,58
402,50616102400310282323201100001031000011991177851489,tes,2024-10-16 18:29:45.687725,CRC,1.00,/home/cybergeek2/IdeaProjects/PamiFactura-SpringBoot/NotaCreditoHaciendaResponseXMLs/H01100001011000011974.xml,2024-10-16 18:29:45.542000,,/home/cybergeek2/IdeaProjects/PamiFactura-SpringBoot/NotaCreditoOriginalXMLs/F01100001031000011991.xml,/home/cybergeek2/IdeaProjects/PamiFactura-SpringBoot/NotaPDFs/P50616102400310282323201100001031000011991177851489.pdf,0.00,0.00,aashir2027270@gmail.com,3333333333,Ashir Client,deemsenterprise@gmail.com,NIMBU LAND HOLDING LIMITADA,3102823232,rechazado,0.00,91.8000,0.0000,0.0000,90.0000,1.8000,0.0000,90.0000,90.0000,90.0000,CREDITO,241,2,1403,2,58
403,50616102400310282323201100001031000011992175601714,tes,2024-10-16 18:29:55.300447,CRC,1.00,/home/cybergeek2/IdeaProjects/PamiFactura-SpringBoot/NotaCreditoHaciendaResponseXMLs/H01100001011000011974.xml,2024-10-16 18:29:55.176000,,/home/cybergeek2/IdeaProjects/PamiFactura-SpringBoot/NotaCreditoOriginalXMLs/N01100001011000011974.xml,/home/cybergeek2/IdeaProjects/PamiFactura-SpringBoot/NotaPDFs/P50616102400310282323201100001031000011992175601714.pdf,0.00,0.00,aashir2027270@gmail.com,3333333333,Ashir Client,deemsenterprise@gmail.com,NIMBU LAND HOLDING LIMITADA,3102823232,rechazado,0.00,91.8000,0.0000,0.0000,90.0000,1.8000,0.0000,90.0000,90.0000,90.0000,CREDITO,241,2,1403,2,58
404,50616102400310282323201100001031000011993115203275,tes,2024-10-16 18:30:02.865950,CRC,1.00,/home/cybergeek2/IdeaProjects/PamiFactura-SpringBoot/NotaCreditoHaciendaResponseXMLs/H01100001011000011974.xml,2024-10-16 18:30:02.730000,,/home/cybergeek2/IdeaProjects/PamiFactura-SpringBoot/NotaCreditoOriginalXMLs/N01100001011000011974.xml,/home/cybergeek2/IdeaProjects/PamiFactura-SpringBoot/NotaPDFs/P50616102400310282323201100001031000011993115203275.pdf,0.00,0.00,aashir2027270@gmail.com,3333333333,Ashir Client,deemsenterprise@gmail.com,NIMBU LAND HOLDING LIMITADA,3102823232,rechazado,0.00,91.8000,0.0000,0.0000,90.0000,1.8000,0.0000,90.0000,90.0000,90.0000,CREDITO,241,2,1403,2,58
405,50616102400310282323201100001031000011994190014022,tes,2024-10-16 18:30:04.546309,CRC,1.00,/home/cybergeek2/IdeaProjects/PamiFactura-SpringBoot/NotaCreditoHaciendaResponseXMLs/H01100001011000011974.xml,2024-10-16 18:30:04.456000,,/home/cybergeek2/IdeaProjects/PamiFactura-SpringBoot/NotaCreditoOriginalXMLs/N01100001011000011974.xml,/home/cybergeek2/IdeaProjects/PamiFactura-SpringBoot/NotaPDFs/P50616102400310282323201100001031000011994190014022.pdf,0.00,0.00,aashir2027270@gmail.com,3333333333,Ashir Client,deemsenterprise@gmail.com,NIMBU LAND HOLDING LIMITADA,3102823232,rechazado,0.00,91.8000,0.0000,0.0000,90.0000,1.8000,0.0000,90.0000,90.0000,90.0000,CREDITO,241,2,1403,2,58
452,50615112400310282323201100001031000012074162229724,sdcsd,2024-11-15 14:32:11.144566,CRC,1.00,/home/cybergeek2/IdeaProjects/PamiFactura-SpringBoot/NotaCreditoHaciendaResponseXMLs/H01100001031000012074.xml,2024-11-15 14:32:09.612000,,/home/cybergeek2/IdeaProjects/PamiFactura-SpringBoot/NotaCreditoOriginalXMLs/F01100001031000012074.xml,/home/cybergeek2/IdeaProjects/PamiFactura-SpringBoot/NotaPDFs/P01100001031000012074.pdf,0.00,0.00,ashirzuhaib2@gmail.com,3102823232,NIMBU LAND HOLDING LIMITADA,deemsenterprise@gmail.com,NIMBU LAND HOLDING LIMITADA,3102823232,aceptado,0.00,734.4000,0.0000,0.0000,720.0000,14.4000,0.0000,720.0000,720.0000,720.0000,CREDITO,241,,1803,,58
